第25023期,09,12,13,24,25,33,07
第25022期,11,17,18,20,28,30,10
第25021期,07,08,16,18,25,32,14
第25020期,04,11,13,16,26,30,15
第25019期,05,13,17,18,22,23,11
第25018期,03,09,18,21,28,29,11
第25017期,04,12,15,18,28,29,05
第25016期,02,03,12,16,20,29,14
第25015期,04,11,15,24,25,33,15
第25014期,06,07,09,13,21,27,05
第25013期,04,14,16,23,24,30,14
第25012期,07,11,13,18,27,31,11
第25011期,06,13,17,22,24,29,11
第25010期,04,06,07,16,17,21,08
第25009期,02,04,11,12,23,25,06
第25008期,09,14,16,17,25,33,11
第25007期,07,08,14,18,21,27,11
第25006期,01,07,08,17,20,22,06
第25005期,10,16,19,27,28,30,09
第25004期,03,07,17,27,29,32,04
第25003期,10,19,20,26,28,29,15
第25002期,09,12,13,15,22,26,11
第25001期,02,03,17,18,22,33,16
第24151期,05,10,16,19,29,32,04
第24150期,13,14,20,22,26,32,02
第24149期,03,09,16,17,18,22,16
第24148期,02,06,15,16,21,23,11
第24147期,05,11,13,16,21,30,10
第24146期,02,04,11,22,27,32,10
第24145期,01,03,16,22,23,30,03
第24144期,02,09,11,17,20,30,11
第24143期,02,05,11,22,30,33,10
第24142期,04,06,13,21,22,25,06
第24141期,01,02,07,15,24,29,12
第24140期,04,07,08,17,22,26,15
第24139期,15,16,20,22,23,29,14
第24138期,02,07,11,21,27,28,02
第24137期,04,09,10,19,26,27,12
第24136期,03,11,15,21,25,26,03
第24135期,05,11,17,18,30,31,13
第24134期,02,04,13,16,18,20,16
第24133期,01,11,15,27,30,33,01
第24132期,01,04,25,27,28,33,03
第24131期,04,05,11,15,20,32,13
第24130期,01,08,12,17,19,24,16
第24129期,09,10,13,19,24,32,01
第24128期,01,08,13,18,20,26,16
第24127期,02,05,13,20,27,32,10
第24126期,14,18,23,24,26,33,10
第24125期,01,04,13,18,26,30,03
第24124期,02,14,15,17,25,30,11
第24123期,02,15,22,26,30,33,04
第24122期,05,07,09,16,17,29,15
第24121期,01,07,10,13,27,33,03
第24120期,01,05,07,11,18,19,07
第24119期,02,09,26,27,31,32,14
第24118期,02,03,04,06,11,15,14
第24117期,03,12,14,16,29,32,12
第24116期,01,15,20,22,31,32,03
第24115期,03,10,11,19,27,28,07
第24114期,07,11,18,24,27,32,04
第24113期,04,05,23,24,26,31,11
第24112期,08,11,16,25,29,32,03
第24111期,01,04,11,12,22,30,16
第24110期,04,13,17,23,25,33,14
第24109期,03,04,24,28,29,33,09
第24108期,01,08,09,23,24,30,08
第24107期,01,06,08,13,17,19,09
第24106期,03,08,11,22,31,33,04
第24105期,02,05,17,19,29,33,04
第24104期,05,16,23,24,26,29,04
第24103期,12,21,23,27,32,33,15
第24102期,09,15,18,21,22,25,01
第24101期,08,12,15,17,19,30,08
第24100期,13,14,19,20,27,30,05
第24099期,04,12,17,24,26,27,16
第24098期,03,08,10,20,30,31,02
第24097期,04,10,12,13,18,30,03
第24096期,02,04,14,18,23,27,13
第24095期,04,06,09,14,16,21,03
第24094期,06,13,17,22,25,27,09
第24093期,01,05,07,11,12,15,12
第24092期,03,08,11,12,18,29,05
第24091期,13,15,16,19,20,24,10
第24090期,07,11,17,24,31,32,12
第24089期,03,06,09,15,18,31,01
第24088期,03,08,10,17,30,32,10
第24087期,03,09,18,19,20,26,11
第24086期,17,19,20,23,25,31,02
第24085期,01,05,15,21,23,27,15
第24084期,01,08,10,13,19,29,13
第24083期,03,09,14,29,32,33,15
第24082期,01,02,13,16,17,29,16
第24081期,01,06,12,17,23,25,04
第24080期,06,11,12,27,29,30,13
第24079期,02,03,06,07,16,26,04
第24078期,05,09,14,21,22,26,12
第24077期,01,04,06,14,17,22,08
第24076期,03,22,24,27,29,32,15
第24075期,03,05,08,18,22,28,01
第24074期,07,08,10,22,24,32,07
第24073期,03,09,12,18,28,30,01
第24072期,01,14,20,21,23,27,06
第24071期,02,08,19,28,30,31,14
第24070期,04,13,18,20,22,28,05
第24069期,06,13,20,21,24,32,06
第24068期,01,02,07,19,20,21,01
第24067期,01,11,13,17,25,29,03
第24066期,08,09,12,22,26,32,13
第24065期,03,05,09,10,19,22,14
第24064期,06,08,17,18,28,30,05
第24063期,07,14,16,23,28,32,04
第24062期,01,07,10,16,18,27,16
第24061期,01,09,18,22,25,28,02
第24060期,01,02,06,10,22,28,15
第24059期,01,03,14,25,31,33,07
第24058期,08,12,13,17,27,29,13
第24057期,03,08,17,18,23,31,08
第24056期,05,18,20,24,25,26,06
第24055期,02,04,06,07,16,29,03
第24054期,08,13,20,25,31,32,03
第24053期,07,14,21,22,28,33,07
第24052期,07,10,11,15,17,21,03
第24051期,05,09,13,20,23,28,06
第24050期,01,03,07,10,22,33,02
第24049期,12,15,17,23,26,32,11
第24048期,02,09,15,19,26,28,02
第24047期,07,08,21,26,29,30,15
第24046期,02,06,10,11,17,29,15
第24045期,02,08,19,23,24,26,03
第24044期,02,06,17,25,32,33,06
第24043期,04,06,07,14,15,24,08
第24042期,02,04,05,14,26,32,14
第24041期,02,09,12,22,25,33,16
第24040期,11,14,18,19,23,26,02
第24039期,02,06,12,29,30,31,10
第24038期,08,10,18,23,27,31,02
第24037期,01,04,05,06,12,14,13
第24036期,02,08,09,12,21,31,02
第24035期,05,07,14,17,22,32,06
第24034期,02,09,12,19,21,31,04
第24033期,06,10,11,18,20,32,05
第24032期,01,03,04,11,12,21,16
第24031期,09,10,13,25,30,32,02
第24030期,01,08,22,25,29,33,10
第24029期,12,18,23,25,28,33,04
第24028期,03,07,08,11,18,19,05
第24027期,02,06,13,27,28,32,13
第24026期,04,07,18,19,20,25,06
第24025期,08,15,21,22,25,33,13
第24024期,03,07,21,24,26,30,10
第24023期,01,10,22,25,28,32,10
第24022期,02,09,11,14,18,26,06
第24021期,04,06,16,17,23,24,11
第24020期,03,08,12,14,17,33,08
第24019期,05,11,12,16,17,20,08
第24018期,06,15,17,24,28,29,16
第24017期,04,17,19,20,25,32,04
第24016期,07,12,20,24,32,33,04
第24015期,03,08,17,18,20,30,15
第24014期,01,02,10,22,24,25,13
第24013期,01,07,10,14,21,25,07
第24012期,01,03,07,18,22,28,15
第24011期,08,12,16,20,27,31,06
第24010期,11,16,20,21,23,24,04
第24009期,01,04,07,10,17,23,14
第24008期,08,20,21,23,27,30,13
第24007期,04,05,06,07,20,22,15
第24006期,07,18,20,21,26,32,05
第24005期,05,06,20,23,25,32,03
第24004期,09,13,17,18,21,27,04
第24003期,01,05,08,13,32,33,03
第24002期,04,09,10,17,19,20,09
第24001期,03,07,16,26,27,32,16
第23151期,01,15,16,20,25,27,05
第23150期,10,17,25,26,30,33,05
第23149期,02,10,19,24,26,33,15
第23148期,03,05,07,09,19,20,08
第23147期,05,06,14,16,19,32,12
第23146期,02,03,06,11,20,32,09
第23145期,07,10,21,22,23,24,11
第23144期,12,16,17,22,25,27,08
第23143期,05,07,09,16,23,30,15
第23142期,02,08,20,21,27,33,14
第23141期,01,08,11,12,21,23,03
第23140期,03,04,11,14,30,31,05
第23139期,12,14,19,21,27,31,11
第23138期,03,22,28,30,31,33,04
第23137期,03,12,17,19,23,27,11
第23136期,03,05,10,21,22,26,10
第23135期,05,06,11,13,28,30,07
第23134期,05,08,09,17,22,33,04
第23133期,04,05,10,14,22,25,03
第23132期,03,09,11,15,25,27,01
第23131期,06,07,14,20,26,32,01
第23130期,04,10,17,22,23,32,16
第23129期,08,09,12,17,32,33,04
第23128期,07,16,20,21,27,33,01
第23127期,03,08,19,22,26,32,14
第23126期,10,24,26,28,29,31,16
第23125期,11,14,15,27,30,33,04
第23124期,02,03,17,18,25,30,11
第23123期,10,13,15,22,29,32,15
第23122期,07,08,14,18,20,30,05
第23121期,02,12,16,25,30,31,12
第23120期,03,08,13,24,27,29,08
第23119期,01,02,03,19,21,28,15
第23118期,01,02,11,19,25,29,04
第23117期,02,11,14,17,18,28,08
第23116期,02,08,09,13,24,27,12
第23115期,02,07,16,21,26,27,16
第23114期,07,09,15,16,17,26,09
第23113期,01,02,13,18,25,27,03
第23112期,09,12,13,22,24,31,04
第23111期,05,06,12,17,20,33,09
第23110期,02,06,20,25,29,33,16
第23109期,06,08,10,13,16,28,13
第23108期,01,03,06,08,18,24,09
第23107期,03,07,18,25,29,33,14
第23106期,07,09,10,20,22,24,07
第23105期,01,03,05,26,30,32,16
第23104期,10,19,23,25,30,31,12
第23103期,05,06,13,24,25,29,15
第23102期,01,09,10,13,21,28,10
第23101期,01,05,09,15,18,26,04
第23100期,05,06,12,15,23,25,04
第23099期,09,11,14,19,27,33,05
第23098期,02,10,11,14,21,27,11
第23097期,01,09,14,19,29,30,15
第23096期,08,11,18,26,31,32,15
第23095期,03,08,16,17,22,26,11
第23094期,06,10,12,14,30,31,12
第23093期,10,21,24,25,27,32,07
第23092期,03,12,24,25,32,33,13
第23091期,16,20,22,26,30,32,16
第23090期,01,02,09,26,30,31,07
第23089期,08,13,15,27,28,31,11
第23088期,01,14,18,26,31,33,05
第23087期,02,09,15,17,28,33,01
第23086期,08,09,10,22,26,32,12
第23085期,11,18,23,24,31,33,13
第23084期,09,13,14,17,19,27,03
第23083期,07,10,12,16,17,30,12
第23082期,04,18,19,24,27,30,16
第23081期,01,11,15,16,22,31,15
第23080期,01,02,04,09,25,31,08
第23079期,05,06,09,12,21,22,07
第23078期,06,08,14,19,30,31,08
第23077期,07,09,14,22,26,27,01
第23076期,03,04,15,18,19,22,09
第23075期,13,15,24,28,30,31,01
第23074期,02,08,09,18,19,21,03
第23073期,01,03,15,16,25,32,10
第23072期,02,06,10,24,25,33,09
第23071期,05,12,15,19,24,26,06
第23070期,03,05,25,31,32,33,04
第23069期,12,14,17,20,21,26,02
第23068期,11,12,15,18,29,33,02
第23067期,01,03,12,19,28,32,14
第23066期,02,07,08,10,26,31,06
第23065期,02,14,17,20,26,33,14
第23064期,01,07,11,12,16,18,04
第23063期,04,08,17,20,22,27,13
第23062期,11,19,23,24,26,33,15
第23061期,01,04,06,11,12,22,15
第23060期,09,11,17,19,30,31,11
第23059期,02,06,13,22,27,32,06
第23058期,10,17,22,26,30,33,11
第23057期,02,05,10,17,24,32,03
第23056期,08,14,15,18,23,33,08
第23055期,03,04,20,23,27,32,13
第23054期,05,06,09,10,15,26,12
第23053期,01,07,14,20,27,30,15
第23052期,03,04,05,08,12,17,06
第23051期,22,26,29,30,32,33,14
第23050期,02,07,09,14,22,23,05
第23049期,05,07,14,23,25,27,02
第23048期,02,03,10,24,28,30,08
第23047期,05,07,14,23,31,33,07
第23046期,06,08,17,25,26,28,03
第23045期,03,06,12,21,27,28,04
第23044期,02,08,15,22,24,26,16
第23043期,05,08,12,20,24,28,10
第23042期,10,17,20,23,27,30,10
第23041期,01,06,12,13,15,24,06
第23040期,09,16,17,24,29,31,08
第23039期,02,03,09,13,19,28,09
第23038期,02,09,14,17,31,33,08
第23037期,08,23,25,26,29,31,12
第23036期,13,14,18,19,24,30,09
第23035期,01,04,09,10,20,33,06
第23034期,02,03,09,11,12,17,15
第23033期,08,09,13,23,24,26,05
第23032期,06,19,20,26,28,33,01
第23031期,07,14,27,29,31,33,05
第23030期,02,03,07,16,30,31,06
第23029期,03,07,12,24,28,33,08
第23028期,05,07,10,17,20,22,14
第23027期,08,10,22,27,32,33,08
第23026期,01,18,26,30,31,33,03
第23025期,04,16,20,21,31,32,14
第23024期,03,06,09,17,27,28,03
第23023期,05,08,10,15,24,25,09
第23022期,10,11,18,19,23,31,03
第23021期,02,05,06,19,21,27,04
第23020期,01,12,17,18,26,27,05
第23019期,06,12,26,28,29,32,15
第23018期,10,12,17,19,25,31,13
第23017期,05,11,18,20,26,28,12
第23016期,14,16,19,23,28,30,03
第23015期,02,03,14,21,29,32,08
第23014期,06,07,18,23,27,30,05
第23013期,06,10,14,22,23,33,13
第23012期,03,04,07,22,26,30,06
第23011期,06,07,16,17,21,22,04
第23010期,04,05,13,18,27,29,12
第23009期,03,04,19,23,30,32,06
第23008期,05,13,18,20,26,28,06
第23007期,05,06,09,22,25,31,03
第23006期,02,10,12,14,24,26,05
第23005期,02,06,08,13,14,19,16
第23004期,01,07,15,16,20,25,16
第23003期,05,08,18,25,30,32,06
第23002期,02,06,10,16,18,22,13
第23001期,09,16,18,22,28,32,02
第22150期,01,07,11,12,22,28,05
第22149期,02,22,26,29,32,33,14
第22148期,02,15,16,17,21,31,14
第22147期,02,03,07,13,20,30,10
第22146期,06,07,13,18,26,31,06
第22145期,03,21,25,30,31,33,11
第22144期,07,20,22,23,31,32,05
第22143期,07,08,13,29,30,33,03
第22142期,01,03,13,16,21,27,03
第22141期,05,12,13,17,20,27,14
第22140期,08,09,18,19,20,27,15
第22139期,06,07,09,16,17,19,14
第22138期,02,14,19,21,25,28,11
第22137期,08,21,23,27,28,33,01
第22136期,08,10,14,15,18,22,08
第22135期,09,11,13,24,28,32,06
第22134期,01,05,14,17,24,31,14
第22133期,05,08,16,17,21,25,12
第22132期,01,03,18,26,32,33,04
第22131期,03,05,10,13,19,29,06
第22130期,02,08,15,17,26,28,12
第22129期,10,12,14,22,24,27,07
第22128期,03,12,18,24,27,29,01
第22127期,03,04,09,10,29,33,13
第22126期,01,13,15,17,26,33,13
第22125期,02,03,07,12,20,31,16
第22124期,05,10,13,18,24,26,01
第22123期,10,13,16,20,21,25,05
第22122期,06,08,17,19,24,28,05
第22121期,12,17,22,27,30,31,02
第22120期,02,15,19,26,27,29,02
第22119期,02,05,15,18,26,27,04
第22118期,02,06,07,11,14,33,08
第22117期,04,13,17,18,28,29,06
第22116期,08,14,26,27,30,33,01
第22115期,06,07,18,20,27,29,09
第22114期,01,05,15,19,26,29,13
第22113期,13,14,20,24,27,29,02
第22112期,03,05,08,17,25,31,01
第22111期,02,10,11,13,28,31,01
第22110期,09,13,15,18,20,28,15
第22109期,04,11,13,19,22,33,11
第22108期,01,07,13,17,18,31,15
第22107期,03,09,11,15,19,28,16
第22106期,17,20,22,23,24,31,01
第22105期,06,12,13,15,21,23,15
第22104期,01,08,19,25,26,31,01
第22103期,06,09,12,14,20,28,10
第22102期,09,10,12,18,29,32,14
第22101期,04,16,18,19,27,28,04
第22100期,02,06,07,15,20,21,15
第22099期,01,11,23,24,26,32,15
第22098期,02,03,04,06,21,33,05
第22097期,04,05,10,13,30,31,14
第22096期,03,16,17,19,25,33,07
第22095期,04,13,14,18,20,28,08
第22094期,06,11,13,16,19,31,02
第22093期,21,22,24,28,29,32,14
第22092期,07,10,16,20,21,27,11
第22091期,08,18,20,22,24,28,10
第22090期,01,04,25,27,29,30,07
第22089期,02,07,15,29,31,33,15
第22088期,03,09,15,17,20,22,06
第22087期,05,06,09,13,23,25,08
第22086期,01,04,08,21,23,24,11
第22085期,07,09,14,31,32,33,13
第22084期,03,18,23,24,25,32,09
第22083期,08,12,13,14,19,20,05
第22082期,04,10,11,23,30,32,14
第22081期,04,08,11,21,27,30,01
第22080期,05,12,15,17,18,27,04
第22079期,01,09,15,17,22,23,16
第22078期,01,04,05,15,17,31,09
第22077期,03,17,18,19,20,27,16
第22076期,08,09,10,13,24,29,02
第22075期,01,02,04,25,26,30,10
第22074期,05,07,15,19,29,33,15
第22073期,06,10,14,15,26,29,12
第22072期,05,14,15,16,18,32,12
第22071期,04,07,15,18,29,33,01
第22070期,04,06,09,27,28,33,02
第22069期,06,07,13,19,26,29,08
第22068期,07,12,15,24,26,29,06
第22067期,01,05,13,21,26,29,15
第22066期,06,11,14,20,27,30,09
第22065期,09,14,18,23,28,31,02
第22064期,04,06,12,13,17,31,16
第22063期,06,08,09,17,22,31,11
第22062期,16,18,20,21,23,33,05
第22061期,01,03,16,18,29,33,06
第22060期,16,18,19,24,28,32,01
第22059期,06,09,18,19,29,33,06
第22058期,06,13,14,23,31,33,01
第22057期,12,15,20,26,30,33,16
第22056期,01,06,11,14,17,26,15
第22055期,02,04,09,26,28,33,03
第22054期,08,12,21,27,28,33,11
第22053期,10,14,18,23,27,33,15
第22052期,07,24,27,29,31,32,15
第22051期,02,05,11,17,21,33,01
第22050期,03,05,08,14,27,33,08
第22049期,02,04,07,18,25,26,10
第22048期,05,07,17,20,26,31,14
第22047期,03,07,08,14,27,30,09
第22046期,02,11,24,25,27,30,14
第22045期,03,12,17,18,19,28,04
第22044期,01,07,08,21,23,29,06
第22043期,02,17,20,23,25,27,08
第22042期,05,10,11,21,22,30,13
第22041期,05,07,21,22,24,29,14
第22040期,03,12,14,16,31,33,12
第22039期,02,06,07,10,15,20,05
第22038期,09,12,13,16,24,32,04
第22037期,01,10,13,20,22,32,14
第22036期,02,03,14,16,26,31,02
第22035期,08,12,13,19,23,25,15
第22034期,14,17,26,31,32,33,10
第22033期,05,12,19,22,25,26,05
第22032期,04,10,11,14,23,32,07
第22031期,01,10,11,22,26,32,07
第22030期,12,23,24,26,27,30,05
第22029期,03,08,10,13,26,32,08
第22028期,05,11,20,22,23,29,09
第22027期,14,15,18,19,26,32,09
第22026期,03,04,10,15,22,24,02
第22025期,06,19,24,25,28,32,04
第22024期,07,09,10,14,19,24,15
第22023期,07,12,17,19,24,25,02
第22022期,01,07,11,15,17,19,06
第22021期,03,07,22,24,26,31,14
第22020期,09,11,14,22,30,32,01
第22019期,05,06,14,20,21,25,08
第22018期,07,11,16,17,30,32,16
第22017期,06,09,24,29,30,32,07
第22016期,05,10,19,20,29,31,14
第22015期,06,14,16,27,28,31,07
第22014期,06,07,13,14,15,27,04
第22013期,02,03,04,07,10,18,15
第22012期,04,07,08,29,30,31,01
第22011期,06,15,23,24,25,33,15
第22010期,12,18,19,20,21,32,15
第22009期,04,15,17,19,25,28,16
第22008期,02,03,07,09,20,21,13
第22007期,01,20,22,23,25,28,16
第22006期,03,06,09,15,22,31,02
第22005期,07,10,12,16,19,31,16
第22004期,05,19,24,28,30,32,14
第22003期,02,05,16,17,18,30,06
第22002期,02,12,21,23,25,31,08
第22001期,06,13,15,17,20,21,03
第21150期,09,14,20,21,24,26,04
第21149期,05,10,15,18,19,32,05
第21148期,10,12,15,17,19,20,08
第21147期,05,10,11,13,27,28,09
第21146期,07,09,21,22,26,32,03
第21145期,04,07,10,14,16,26,09
第21144期,02,05,13,15,23,26,07
第21143期,01,09,11,13,20,29,09
第21142期,04,07,17,19,20,24,16
第21141期,01,14,19,23,26,30,10
第21140期,05,10,16,26,27,33,01
第21139期,12,14,19,23,24,27,01
第21138期,11,14,15,16,27,32,09
第21137期,03,07,10,14,21,24,01
第21136期,02,06,09,15,19,28,16
第21135期,03,10,17,19,21,31,04
第21134期,01,02,16,19,25,31,08
第21133期,01,03,12,19,27,31,10
第21132期,01,04,06,14,20,28,08
第21131期,08,11,18,19,20,24,01
第21130期,08,09,15,24,26,30,06
第21129期,04,15,21,27,28,29,10
第21128期,05,17,20,21,23,33,04
第21127期,07,15,16,20,27,29,07
第21126期,19,20,23,27,28,31,01
第21125期,14,19,20,23,24,31,09
第21124期,01,03,18,22,29,32,02
第21123期,06,14,15,19,29,31,05
第21122期,04,05,12,15,18,28,07
第21121期,04,05,12,16,22,30,15
第21120期,01,07,08,12,13,18,05
第21119期,03,09,10,11,28,29,13
第21118期,02,06,14,18,20,31,13
第21117期,03,05,17,21,27,33,04
第21116期,06,14,17,18,31,33,06
第21115期,02,10,12,15,24,27,08
第21114期,04,06,08,14,24,27,02
第21113期,04,07,10,22,27,30,02
第21112期,05,06,21,25,28,33,07
第21111期,17,20,22,23,26,28,06
第21110期,10,13,15,24,31,32,02
第21109期,02,03,10,17,20,26,16
第21108期,11,15,18,24,26,32,09
第21107期,02,03,17,19,25,30,01
第21106期,01,04,07,14,30,31,03
第21105期,10,14,15,22,27,32,09
第21104期,01,07,17,20,22,28,15
第21103期,10,13,15,25,29,30,15
第21102期,05,09,15,24,27,30,09
第21101期,02,04,12,22,29,31,01
第21100期,07,09,12,13,14,29,16
第21099期,09,11,17,18,20,27,15
第21098期,01,10,13,18,26,32,05
第21097期,03,11,12,13,25,28,12
第21096期,01,07,11,14,15,26,11
第21095期,08,12,17,24,27,28,13
第21094期,09,11,24,25,28,33,15
第21093期,05,11,15,23,28,33,03
第21092期,02,07,08,10,12,31,03
第21091期,04,06,16,24,26,33,16
第21090期,05,06,12,14,27,28,08
第21089期,01,02,07,13,23,24,12
第21088期,04,12,15,16,19,26,06
第21087期,02,13,16,19,23,24,04
第21086期,06,08,10,14,28,29,01
第21085期,05,06,07,11,14,20,02
第21084期,05,07,09,11,21,28,01
第21083期,04,09,11,25,28,33,04
第21082期,03,06,11,13,26,32,05
第21081期,01,03,05,18,22,23,01
第21080期,05,08,22,23,24,29,09
第21079期,01,03,10,24,28,29,13
第21078期,04,06,15,26,27,31,12
第21077期,08,15,17,25,27,30,10
第21076期,03,09,21,23,30,32,06
第21075期,12,15,16,21,22,29,01
第21074期,04,05,09,14,25,27,07
第21073期,01,06,18,22,24,25,08
第21072期,01,09,15,16,19,21,15
第21071期,01,07,24,31,32,33,08
第21070期,01,05,11,15,16,29,15
第21069期,06,11,18,20,23,26,05
第21068期,04,14,18,24,31,32,15
第21067期,01,11,19,23,25,29,09
第21066期,02,06,19,26,30,33,15
第21065期,01,04,08,19,29,33,16
第21064期,04,06,08,15,16,18,16
第21063期,04,05,06,09,23,24,09
第21062期,12,13,15,20,22,25,10
第21061期,04,09,12,18,20,23,01
第21060期,10,11,17,20,29,30,15
第21059期,01,09,11,18,32,33,14
第21058期,09,11,13,18,19,28,14
第21057期,05,06,09,17,25,33,16
第21056期,08,21,22,23,29,32,01
第21055期,03,11,12,16,22,28,10
第21054期,07,13,21,22,24,31,02
第21053期,07,10,14,16,24,33,16
第21052期,03,04,06,19,21,30,14
第21051期,08,09,10,19,27,29,15
第21050期,02,09,10,16,25,28,08
第21049期,04,11,13,22,25,32,01
第21048期,04,15,17,22,29,32,03
第21047期,03,07,13,16,24,29,01
第21046期,05,09,13,21,28,33,06
第21045期,01,04,14,15,17,32,02
第21044期,05,07,14,17,26,28,13
第21043期,02,03,17,18,23,24,01
第21042期,05,09,10,22,25,27,08
第21041期,02,09,18,23,26,32,14
第21040期,02,06,07,24,28,29,16
第21039期,02,08,21,24,29,31,13
第21038期,05,07,09,16,18,27,06
第21037期,13,17,19,24,26,30,12
第21036期,01,02,06,11,21,26,11
第21035期,12,14,18,20,26,28,11
第21034期,04,10,12,18,23,25,01
第21033期,02,12,13,14,31,33,06
第21032期,01,05,08,15,16,30,03
第21031期,06,11,21,25,28,31,07
第21030期,08,09,13,27,29,31,05
第21029期,08,10,15,17,22,30,12
第21028期,11,16,23,26,27,33,05
第21027期,05,07,09,16,20,26,08
第21026期,03,05,13,19,20,25,03
第21025期,06,08,14,17,18,30,11
第21024期,01,04,06,10,11,18,02
第21023期,02,21,22,23,27,28,11
第21022期,10,15,17,25,31,32,06
第21021期,04,08,17,24,28,33,13
第21020期,01,03,06,07,09,11,02
第21019期,12,16,17,24,28,29,08
第21018期,02,08,14,23,25,32,06
第21017期,09,15,18,29,32,33,02
第21016期,03,08,09,13,15,18,10
第21015期,06,14,16,26,28,29,07
第21014期,04,15,21,25,29,33,06
第21013期,06,09,12,16,27,31,06
第21012期,03,06,14,18,20,26,01
第21011期,05,10,16,23,27,33,14
第21010期,01,04,11,19,32,33,05
第21009期,02,04,07,24,25,32,13
第21008期,01,05,07,14,18,33,07
第21007期,02,04,12,21,25,32,16
第21006期,06,08,22,24,25,26,01
第21005期,07,09,14,26,30,31,04
第21004期,02,03,07,08,17,22,15
第21003期,06,09,16,18,22,29,11
第21002期,06,10,13,25,26,32,11
第21001期,02,03,13,18,20,31,11
第20134期,02,09,10,20,22,26,01
第20133期,03,19,22,23,27,29,07
第20132期,01,04,11,12,14,23,04
第20131期,08,19,22,26,27,30,07
第20130期,08,09,11,14,17,29,16
第20129期,01,02,05,15,28,33,04
第20128期,08,10,15,16,23,26,10
第20127期,01,04,18,19,26,31,07
第20126期,03,07,12,14,23,28,11
第20125期,05,12,16,26,30,31,13
第20124期,16,18,19,20,29,33,12
第20123期,01,03,18,19,26,29,03
第20122期,12,15,17,24,26,31,15
第20121期,02,04,06,21,25,29,03
第20120期,01,02,03,04,09,10,12
第20119期,01,09,22,28,32,33,15
第20118期,11,13,19,26,30,33,05
第20117期,07,08,09,10,16,27,07
第20116期,05,06,14,16,19,27,10
第20115期,01,04,12,20,25,32,02
第20114期,01,05,11,24,30,32,03
第20113期,01,03,07,10,22,32,11
第20112期,02,09,12,17,28,32,05
第20111期,06,09,17,22,24,26,16
第20110期,02,06,09,14,22,25,04
第20109期,06,13,16,20,23,32,13
第20108期,10,12,15,17,23,32,05
第20107期,03,09,11,24,25,28,16
第20106期,02,04,11,15,18,28,10
第20105期,06,14,19,20,22,24,01
第20104期,04,08,10,16,27,29,09
第20103期,04,09,10,22,28,32,08
第20102期,09,10,19,25,26,29,08
第20101期,10,17,24,25,28,30,15
第20100期,01,07,15,16,20,23,07
第20099期,05,06,11,12,15,30,12
第20098期,06,08,11,22,25,33,02
第20097期,02,08,21,25,26,30,10
第20096期,01,20,23,26,27,32,15
第20095期,03,09,16,17,20,26,02
第20094期,10,15,17,27,29,31,08
第20093期,04,05,10,13,15,19,15
第20092期,01,06,12,18,22,24,03
第20091期,01,09,11,12,16,19,16
第20090期,02,21,23,26,31,32,06
第20089期,02,14,16,21,29,30,10
第20088期,01,06,12,26,29,30,12
第20087期,11,15,20,23,25,33,10
第20086期,02,04,06,15,24,27,06
第20085期,01,02,05,09,19,24,16
第20084期,03,07,16,17,23,30,07
第20083期,01,19,25,26,30,31,12
第20082期,02,08,11,17,21,30,09
第20081期,01,05,13,14,27,33,15
第20080期,14,15,18,22,31,33,01
第20079期,05,12,20,21,22,29,14
第20078期,03,11,14,16,21,32,04
第20077期,03,10,16,21,25,27,12
第20076期,10,15,16,18,20,27,06
第20075期,03,11,13,20,24,30,16
第20074期,04,08,09,13,19,33,12
第20073期,05,07,11,13,27,29,03
第20072期,06,08,10,15,17,26,04
第20071期,09,11,12,13,22,23,08
第20070期,01,02,04,06,19,21,15
第20069期,03,09,10,13,18,26,04
第20068期,12,16,21,26,27,32,10
第20067期,04,07,09,23,27,30,08
第20066期,02,09,13,17,26,28,07
第20065期,09,15,18,21,23,26,08
第20064期,01,03,07,21,27,32,01
第20063期,12,15,16,22,29,32,14
第20062期,10,14,17,22,26,27,05
第20061期,08,17,24,26,27,31,04
第20060期,05,09,14,20,24,30,08
第20059期,02,04,10,17,22,25,14
第20058期,01,03,11,12,19,26,07
第20057期,09,14,21,23,26,32,03
第20056期,02,05,08,12,26,31,14
第20055期,01,05,07,23,28,30,12
第20054期,03,10,19,25,26,31,02
第20053期,02,14,15,16,32,33,01
第20052期,02,08,13,29,32,33,15
第20051期,03,06,08,11,19,28,08
第20050期,04,09,17,20,32,33,15
第20049期,01,07,09,12,18,22,04
第20048期,12,14,18,23,30,32,02
第20047期,04,10,17,19,28,32,01
第20046期,13,19,25,26,27,32,08
第20045期,02,03,15,21,22,33,16
第20044期,07,08,16,17,19,24,07
第20043期,01,11,24,25,27,30,07
第20042期,02,06,07,11,14,31,03
第20041期,06,07,16,22,24,25,13
第20040期,01,06,12,16,19,21,04
第20039期,02,09,10,11,16,29,02
第20038期,01,06,07,18,23,24,15
第20037期,01,04,11,13,17,24,15
第20036期,07,09,16,22,24,32,06
第20035期,10,14,24,25,28,33,11
第20034期,02,08,15,16,26,32,03
第20033期,07,10,12,21,31,32,01
第20032期,03,11,13,14,15,26,13
第20031期,02,05,09,15,16,27,09
第20030期,17,18,21,29,30,32,03
第20029期,01,12,18,20,30,32,05
第20028期,05,06,15,18,26,32,08
第20027期,12,13,14,24,25,28,06
第20026期,01,04,09,18,19,31,06
第20025期,01,09,10,15,20,29,02
第20024期,10,13,27,28,29,31,08
第20023期,04,05,20,21,30,33,08
第20022期,02,10,20,22,25,30,02
第20021期,02,06,14,16,27,31,07
第20020期,01,06,09,13,15,22,14
第20019期,15,19,27,28,30,33,03
第20018期,05,07,08,11,17,22,13
第20017期,02,04,07,15,20,27,04
第20016期,05,06,08,17,24,27,07
第20015期,08,09,22,24,30,33,01
第20014期,02,07,08,10,12,16,07
第20013期,02,08,10,20,21,30,14
第20012期,04,13,14,23,26,31,09
第20011期,04,05,07,17,18,29,01
第20010期,11,14,22,27,31,32,09
第20009期,03,06,08,14,19,26,12
第20008期,01,04,06,10,11,28,16
第20007期,05,12,17,20,25,31,10
第20006期,03,04,05,10,16,32,09
第20005期,11,16,17,22,26,32,04
第20004期,02,15,17,27,32,33,03
第20003期,09,17,26,29,30,32,03
第20002期,04,09,14,15,16,29,11
第20001期,02,15,23,26,29,30,02
第19151期,02,06,09,18,24,26,14
第19150期,02,09,14,22,27,29,02
第19149期,01,06,27,28,31,33,07
第19148期,09,10,13,20,26,27,08
第19147期,01,09,12,14,23,27,12
第19146期,01,04,10,12,30,32,14
第19145期,01,08,13,17,18,19,16
第19144期,02,12,15,19,27,30,03
第19143期,05,13,15,16,26,32,09
第19142期,08,14,24,27,29,33,09
第19141期,10,13,14,15,17,33,14
第19140期,02,04,09,11,14,22,05
第19139期,08,14,20,23,30,33,11
第19138期,02,06,12,30,31,32,11
第19137期,07,10,13,19,23,31,06
第19136期,12,14,15,17,29,33,12
第19135期,03,06,10,11,27,33,03
第19134期,01,04,06,22,29,30,03
第19133期,03,07,16,21,24,31,07
第19132期,04,06,11,14,19,33,07
第19131期,09,17,19,20,24,31,04
第19130期,01,07,09,11,24,32,16
第19129期,03,04,07,09,15,26,07
第19128期,03,08,12,16,17,19,08
第19127期,02,06,07,12,17,24,10
第19126期,02,14,17,29,32,33,16
第19125期,02,11,12,26,27,29,03
第19124期,04,09,30,31,32,33,01
第19123期,02,06,08,17,28,30,06
第19122期,04,10,15,19,21,23,02
第19121期,02,06,15,21,30,31,02
第19120期,10,12,27,31,32,33,03
第19119期,04,20,22,24,26,33,07
第19118期,12,14,15,25,28,31,04
第19117期,03,05,11,28,32,33,01
第19116期,01,08,09,13,16,33,01
第19115期,04,10,11,14,15,29,05
第19114期,02,04,09,11,12,30,01
第19113期,01,05,19,21,25,33,15
第19112期,03,12,14,17,23,27,01
第19111期,07,18,20,22,24,33,01
第19110期,01,18,22,26,27,28,08
第19109期,03,06,07,17,28,31,10
第19108期,07,13,19,22,25,32,13
第19107期,02,06,08,23,27,32,02
第19106期,02,14,22,27,30,33,14
第19105期,02,13,15,17,26,33,01
第19104期,01,05,16,17,18,24,10
第19103期,04,12,14,21,27,29,12
第19102期,03,08,12,16,20,32,12
第19101期,01,04,09,21,31,33,05
第19100期,01,04,12,13,30,32,08
第19099期,07,14,22,23,27,30,08
第19098期,03,11,12,14,17,26,09
第19097期,03,05,18,24,25,31,09
第19096期,05,07,12,18,27,32,11
第19095期,02,05,14,19,21,28,01
第19094期,05,10,12,18,19,27,06
第19093期,05,07,08,09,20,22,02
第19092期,09,17,27,28,32,33,08
第19091期,07,10,21,24,29,32,11
第19090期,02,03,06,08,14,22,04
第19089期,02,04,14,16,20,22,11
第19088期,13,14,15,21,23,29,13
第19087期,04,05,07,09,21,30,04
第19086期,16,22,24,26,28,31,06
第19085期,01,04,14,18,24,29,04
第19084期,04,08,14,18,20,27,03
第19083期,06,15,17,26,28,31,03
第19082期,07,16,19,22,24,28,02
第19081期,05,24,27,29,31,32,10
第19080期,03,06,08,20,24,32,07
第19079期,01,03,06,09,19,31,16
第19078期,01,17,27,29,31,33,12
第19077期,09,11,13,18,21,22,15
第19076期,12,15,19,20,29,32,14
第19075期,05,08,20,22,31,33,03
第19074期,12,21,27,29,31,33,04
第19073期,01,02,06,12,16,18,08
第19072期,02,09,13,15,22,30,15
第19071期,01,08,19,24,29,30,04
第19070期,06,15,18,19,24,32,09
第19069期,06,11,16,19,21,25,01
第19068期,03,14,20,24,26,33,10
第19067期,04,06,08,11,30,33,11
第19066期,01,14,17,20,22,32,04
第19065期,06,09,11,15,20,26,10
第19064期,12,20,24,25,30,33,12
第19063期,01,14,19,22,29,31,16
第19062期,07,13,16,23,26,30,01
第19061期,03,17,19,24,27,31,12
第19060期,03,04,14,20,23,27,01
第19059期,04,05,07,09,16,18,06
第19058期,07,08,12,21,23,27,12
第19057期,04,05,06,08,13,18,16
第19056期,13,14,17,19,21,29,01
第19055期,01,06,11,15,19,31,10
第19054期,07,10,11,15,24,26,11
第19053期,04,16,22,25,29,31,08
第19052期,03,06,09,13,16,19,16
第19051期,08,09,10,13,15,28,09
第19050期,04,06,10,11,21,23,02
第19049期,03,10,13,22,23,28,15
第19048期,03,07,10,12,18,29,10
第19047期,03,11,18,25,30,33,14
第19046期,02,12,16,22,25,32,06
第19045期,01,06,17,19,27,31,14
第19044期,06,14,16,17,23,29,07
第19043期,01,06,12,13,24,32,13
第19042期,15,17,19,22,25,26,04
第19041期,02,09,13,23,24,26,16
第19040期,05,06,09,18,23,31,11
第19039期,06,07,11,14,27,32,08
第19038期,09,12,21,27,29,30,05
第19037期,01,07,12,14,18,25,10
第19036期,02,10,13,16,23,32,08
第19035期,01,05,07,09,10,20,16
第19034期,09,11,15,22,24,26,03
第19033期,09,15,19,21,23,29,15
第19032期,04,08,09,13,28,33,04
第19031期,03,13,15,18,21,33,16
第19030期,04,05,07,10,12,22,16
第19029期,08,11,17,23,32,33,10
第19028期,04,19,22,26,29,30,11
第19027期,02,06,08,10,11,17,13
第19026期,03,13,15,19,20,27,14
第19025期,15,16,21,27,30,33,04
第19024期,01,08,23,25,28,29,10
第19023期,01,10,14,15,18,31,13
第19022期,03,07,11,21,30,33,07
第19021期,02,05,07,08,20,27,04
第19020期,02,12,13,23,27,28,12
第19019期,03,11,17,18,24,25,06
第19018期,04,11,18,19,26,32,04
第19017期,04,05,24,28,30,33,09
第19016期,05,07,09,11,19,25,05
第19015期,11,15,16,20,24,31,04
第19014期,01,02,03,14,19,33,03
第19013期,05,07,14,16,18,21,01
第19012期,07,10,21,23,31,33,14
第19011期,10,13,19,21,24,30,07
第19010期,02,04,05,08,11,30,02
第19009期,01,07,10,22,31,32,15
第19008期,02,06,09,13,28,32,12
第19007期,06,10,14,15,19,23,15
第19006期,01,05,10,19,26,28,12
第19005期,21,22,26,28,31,32,07
第19004期,08,12,16,19,26,32,03
第19003期,13,17,20,21,22,27,01
第19002期,04,05,06,08,09,18,11
第19001期,06,10,13,15,32,33,15
第18153期,01,07,17,23,25,31,11
第18152期,04,14,16,23,28,29,03
第18151期,05,15,19,25,26,29,15
第18150期,06,08,15,19,20,31,05
第18149期,01,07,08,10,12,24,01
第18148期,03,06,18,19,21,31,01
第18147期,03,15,17,23,27,30,11
第18146期,02,10,11,17,18,29,16
第18145期,03,09,13,22,23,25,06
第18144期,08,13,17,18,20,27,13
第18143期,04,06,15,28,32,33,14
第18142期,05,08,10,11,27,28,11
第18141期,11,14,16,18,24,33,04
第18140期,01,15,20,22,25,28,14
第18139期,11,18,20,23,31,32,15
第18138期,01,10,25,27,30,32,09
第18137期,03,05,11,15,20,23,09
第18136期,10,12,15,25,26,27,14
第18135期,01,03,06,10,11,29,16
第18134期,03,16,18,31,32,33,12
第18133期,02,04,11,12,18,32,13
第18132期,01,02,09,10,15,22,06
第18131期,21,22,24,31,32,33,01
第18130期,05,12,17,18,24,28,12
第18129期,02,04,06,16,18,19,16
第18128期,06,07,08,19,22,23,02
第18127期,02,05,06,07,11,15,12
第18126期,01,06,08,09,14,22,05
第18125期,03,10,11,14,15,32,02
第18124期,09,13,14,19,22,25,02
第18123期,13,21,24,27,31,32,01
第18122期,05,07,20,22,30,32,10
第18121期,06,08,14,19,23,25,11
第18120期,03,04,18,26,27,33,01
第18119期,03,13,14,16,25,27,12
第18118期,08,12,21,22,27,31,09
第18117期,08,11,15,17,23,25,05
第18116期,05,14,17,22,23,28,15
第18115期,01,13,19,24,26,29,11
第18114期,01,07,15,16,20,27,14
第18113期,01,06,09,16,25,26,09
第18112期,05,08,18,25,26,31,04
第18111期,01,07,14,24,25,28,08
第18110期,11,13,16,21,22,23,02
第18109期,10,11,18,23,31,33,15
第18108期,05,13,18,21,26,30,02
第18107期,01,02,05,12,20,22,01
第18106期,04,18,19,24,25,26,10
第18105期,04,05,13,18,19,25,01
第18104期,02,03,06,19,25,29,01
第18103期,02,09,15,22,23,24,16
第18102期,02,06,11,19,21,28,05
第18101期,01,03,14,26,29,33,09
第18100期,02,11,14,15,29,33,02
第18099期,03,07,08,14,25,32,06
第18098期,06,10,11,20,29,32,13
第18097期,01,02,17,20,25,28,13
第18096期,01,05,09,20,28,32,12
第18095期,10,11,12,21,26,33,09
第18094期,04,07,16,20,24,30,05
第18093期,04,18,20,21,29,33,07
第18092期,06,10,16,19,24,33,16
第18091期,06,11,13,17,25,32,07
第18090期,01,02,04,10,14,23,07
第18089期,06,09,12,14,18,27,14
第18088期,03,05,12,29,30,32,14
第18087期,01,05,10,16,18,31,03
第18086期,02,07,17,21,23,26,16
第18085期,04,10,25,26,30,33,06
第18084期,05,06,08,12,22,24,03
第18083期,04,09,18,21,32,33,03
第18082期,06,12,14,20,22,24,09
第18081期,01,02,12,16,20,26,03
第18080期,04,07,13,20,29,33,03
第18079期,14,15,17,22,24,29,13
第18078期,03,10,14,17,18,30,12
第18077期,02,05,09,15,20,24,10
第18076期,03,07,08,15,29,30,13
第18075期,07,09,12,13,22,24,11
第18074期,09,11,14,20,27,30,09
第18073期,02,09,14,15,16,23,10
第18072期,11,16,19,22,25,30,08
第18071期,02,05,06,13,16,19,03
第18070期,04,09,15,16,19,27,10
第18069期,06,13,17,19,23,31,12
第18068期,08,10,17,20,27,30,01
第18067期,01,04,09,12,15,18,05
第18066期,09,16,17,19,22,26,10
第18065期,01,04,06,14,28,33,01
第18064期,02,05,10,11,17,21,05
第18063期,05,06,10,16,20,25,12
第18062期,02,18,19,24,25,33,11
第18061期,09,10,11,12,18,23,07
第18060期,04,08,13,25,30,31,10
第18059期,04,06,08,13,22,32,11
第18058期,07,12,13,16,26,31,07
第18057期,05,15,17,19,20,30,13
第18056期,01,03,06,20,21,26,01
第18055期,07,09,10,12,22,26,07
第18054期,04,06,18,22,25,33,16
第18053期,01,04,10,11,14,27,06
第18052期,03,05,06,09,15,32,14
第18051期,05,07,20,23,27,31,04
第18050期,01,02,04,10,18,19,07
第18049期,01,03,04,11,19,23,02
第18048期,01,12,20,25,30,31,02
第18047期,06,07,12,16,22,25,07
第18046期,10,13,14,18,20,31,03
第18045期,03,04,06,25,26,30,01
第18044期,05,09,12,17,27,30,06
第18043期,01,04,06,08,21,24,07
第18042期,06,10,21,28,29,31,12
第18041期,07,08,20,23,24,32,13
第18040期,01,03,08,13,18,23,16
第18039期,08,12,18,19,23,32,03
第18038期,15,23,24,25,28,29,09
第18037期,01,06,07,08,27,30,10
第18036期,08,17,24,26,28,33,04
第18035期,07,10,11,17,23,28,15
第18034期,01,05,11,22,23,26,15
第18033期,04,19,20,22,28,33,06
第18032期,21,22,23,24,25,32,06
第18031期,02,16,18,19,27,30,14
第18030期,13,14,20,21,25,33,07
第18029期,01,02,09,14,22,25,05
第18028期,03,08,11,14,18,23,16
第18027期,02,07,09,14,18,28,05
第18026期,04,07,12,14,26,32,04
第18025期,04,13,16,19,21,25,14
第18024期,11,19,22,26,31,32,02
第18023期,12,15,16,21,26,29,16
第18022期,07,14,19,21,22,23,03
第18021期,03,04,06,11,23,28,14
第18020期,06,09,10,14,28,30,05
第18019期,03,11,12,16,21,23,09
第18018期,02,12,13,18,25,27,07
第18017期,03,06,11,26,30,32,12
第18016期,01,11,12,18,25,27,16
第18015期,11,15,20,21,26,33,15
第18014期,09,12,20,24,28,31,07
第18013期,06,08,13,15,22,33,06
第18012期,11,12,13,19,26,28,12
第18011期,03,10,21,23,27,33,11
第18010期,01,08,17,20,21,22,03
第18009期,05,10,17,23,26,32,07
第18008期,05,09,10,12,17,19,13
第18007期,13,14,20,25,27,31,12
第18006期,02,07,08,09,17,29,11
第18005期,02,20,21,28,31,33,06
第18004期,14,18,19,26,30,31,11
第18003期,01,14,16,17,20,31,04
第18002期,07,18,24,29,31,33,16
第18001期,01,08,11,26,28,31,04
第17154期,05,09,13,15,18,26,05
第17153期,07,11,12,13,18,19,16
第17152期,06,10,23,25,26,29,05
第17151期,02,05,07,09,11,27,16
第17150期,06,14,19,20,21,23,08
第17149期,05,08,15,20,27,30,13
第17148期,04,07,11,14,29,32,12
第17147期,03,07,20,21,25,31,14
第17146期,01,19,25,26,27,33,10
第17145期,02,06,12,17,25,28,12
第17144期,03,14,16,20,31,32,09
第17143期,04,06,09,14,20,29,14
第17142期,08,13,14,18,23,33,06
第17141期,01,06,07,11,13,15,05
第17140期,21,22,25,28,29,30,08
第17139期,02,14,20,24,28,32,16
第17138期,01,17,24,28,32,33,02
第17137期,05,10,20,23,26,31,03
第17136期,03,07,10,18,21,24,12
第17135期,01,06,07,14,18,26,16
第17134期,04,05,11,14,28,32,04
第17133期,06,15,17,18,23,30,11
第17132期,02,03,05,09,13,28,11
第17131期,01,07,10,11,26,27,11
第17130期,05,13,14,23,25,31,02
第17129期,05,06,09,14,21,33,02
第17128期,02,06,13,22,29,31,08
第17127期,14,15,21,24,27,32,12
第17126期,01,16,17,21,27,30,16
第17125期,01,14,23,25,29,30,03
第17124期,02,06,11,26,28,29,03
第17123期,04,05,06,11,21,31,10
第17122期,11,20,21,22,24,27,15
第17121期,11,18,19,22,24,32,07
第17120期,08,10,15,19,23,28,16
第17119期,09,16,21,25,26,31,14
第17118期,08,09,15,22,30,33,16
第17117期,01,02,08,11,14,21,09
第17116期,02,14,20,22,30,32,02
第17115期,04,10,11,25,30,31,01
第17114期,06,12,13,15,18,26,13
第17113期,04,06,16,27,29,33,05
第17112期,03,10,14,16,22,23,11
第17111期,05,10,17,19,29,32,12
第17110期,01,03,12,15,19,23,14
第17109期,08,14,16,18,21,23,16
第17108期,07,12,14,15,17,20,01
第17107期,08,09,15,17,30,32,06
第17106期,12,15,20,25,27,31,02
第17105期,03,06,07,12,25,26,07
第17104期,01,14,15,20,23,30,14
第17103期,01,21,23,25,31,33,01
第17102期,04,08,10,14,18,20,11
第17101期,01,04,11,28,31,32,16
第17100期,04,07,08,18,23,24,02
第17099期,02,05,06,16,28,29,04
第17098期,04,19,22,27,30,33,01
第17097期,05,10,18,19,30,31,03
第17096期,02,06,11,12,19,29,06
第17095期,09,10,12,19,22,29,16
第17094期,08,11,13,19,28,31,06
第17093期,07,08,09,15,22,27,12
第17092期,10,18,19,29,32,33,09
第17091期,05,07,10,23,28,29,03
第17090期,01,07,10,16,22,33,09
第17089期,11,12,13,16,23,25,12
第17088期,07,09,18,22,23,29,06
第17087期,03,06,13,14,19,28,06
第17086期,03,05,06,13,20,22,07
第17085期,01,05,06,16,25,30,09
第17084期,01,05,11,20,22,24,02
第17083期,03,08,14,20,24,26,12
第17082期,14,18,21,25,28,29,10
第17081期,03,05,14,25,26,30,05
第17080期,01,12,16,20,22,24,08
第17079期,03,07,14,23,25,27,08
第17078期,05,07,18,19,22,24,16
第17077期,01,02,04,15,17,22,14
第17076期,01,04,08,09,14,15,13
第17075期,01,03,06,19,21,29,07
第17074期,02,06,16,23,30,31,02
第17073期,03,06,16,23,26,30,14
第17072期,06,11,14,23,26,30,02
第17071期,02,03,06,14,31,32,03
第17070期,01,06,14,22,25,26,12
第17069期,02,11,12,23,29,31,05
第17068期,02,06,10,22,30,31,15
第17067期,01,03,04,10,18,29,04
第17066期,01,04,06,17,19,26,03
第17065期,02,05,08,10,12,21,07
第17064期,02,10,16,22,24,28,15
第17063期,12,16,20,22,25,31,04
第17062期,01,07,22,24,26,31,10
第17061期,06,07,12,20,26,27,11
第17060期,05,10,13,24,26,31,04
第17059期,04,08,09,15,19,25,09
第17058期,01,09,13,22,28,32,11
第17057期,18,20,22,23,30,31,16
第17056期,13,14,18,19,21,28,06
第17055期,07,12,13,20,24,31,05
第17054期,02,03,09,23,28,33,08
第17053期,04,09,11,15,29,31,06
第17052期,07,08,18,24,29,31,07
第17051期,02,05,09,15,24,25,11
第17050期,10,12,20,24,27,29,07
第17049期,01,08,14,15,20,29,10
第17048期,05,08,09,14,15,19,07
第17047期,02,05,08,10,32,33,02
第17046期,04,13,14,23,26,32,10
第17045期,05,07,16,20,21,25,05
第17044期,08,16,19,21,31,32,06
第17043期,08,13,16,23,27,31,08
第17042期,01,02,04,07,10,23,04
第17041期,04,10,13,15,22,27,04
第17040期,15,19,23,28,29,33,04
第17039期,02,04,12,14,17,24,15
第17038期,01,04,08,13,24,27,05
第17037期,11,15,20,22,25,30,05
第17036期,01,02,05,10,24,27,15
第17035期,01,06,14,24,28,32,12
第17034期,04,07,08,19,32,33,13
第17033期,05,07,15,20,23,30,15
第17032期,05,08,15,24,27,31,11
第17031期,06,10,16,26,27,29,03
第17030期,01,07,09,20,23,30,02
第17029期,02,15,21,23,25,30,10
第17028期,07,08,12,13,22,30,09
第17027期,02,04,11,14,27,30,05
第17026期,03,10,12,19,27,30,08
第17025期,02,15,16,17,22,32,07
第17024期,09,21,25,26,29,31,13
第17023期,01,03,04,11,18,22,14
第17022期,02,06,15,16,18,32,15
第17021期,02,05,10,22,32,33,09
第17020期,04,08,10,12,31,33,10
第17019期,04,06,08,12,23,25,08
第17018期,01,02,03,17,25,31,09
第17017期,03,07,08,10,22,23,12
第17016期,05,08,16,22,27,29,02
第17015期,01,08,09,14,17,32,01
第17014期,06,08,18,20,23,31,13
第17013期,08,11,28,29,31,33,06
第17012期,10,11,14,15,16,24,07
第17011期,10,11,12,23,26,29,16
第17010期,05,08,19,25,28,30,07
第17009期,02,06,08,09,15,29,14
第17008期,07,13,15,27,28,29,13
第17007期,02,04,05,24,26,33,15
第17006期,02,04,08,26,29,33,08
第17005期,06,11,12,22,23,30,05
第17004期,05,13,17,26,27,30,07
第17003期,01,04,08,15,27,32,16
第17002期,15,19,23,24,25,32,03
第17001期,09,11,14,20,25,26,15
第16153期,07,09,16,24,25,29,06
第16152期,02,08,09,16,20,22,07
第16151期,06,11,16,20,22,33,07
第16150期,02,04,05,09,13,21,05
第16149期,03,20,23,26,32,33,07
第16148期,01,02,11,20,26,30,14
第16147期,04,14,18,28,31,32,12
第16146期,03,07,15,16,17,23,10
第16145期,01,03,07,12,19,20,06
第16144期,04,10,12,27,32,33,05
第16143期,06,09,23,24,25,33,13
第16142期,01,10,17,21,23,30,12
第16141期,04,13,15,17,21,24,15
第16140期,01,02,05,17,26,32,10
第16139期,01,06,19,26,28,30,03
第16138期,07,16,20,24,25,30,07
第16137期,01,06,09,10,15,32,14
第16136期,02,07,10,20,27,29,03
第16135期,02,08,10,18,20,33,12
第16134期,11,12,13,14,18,33,13
第16133期,15,16,21,22,27,33,15
第16132期,05,08,13,19,27,28,07
第16131期,04,10,18,19,25,27,02
第16130期,03,17,21,23,27,28,01
第16129期,05,06,08,21,31,33,14
第16128期,04,09,11,17,26,27,13
第16127期,07,12,17,26,29,31,16
第16126期,02,06,12,17,18,19,10
第16125期,01,06,08,20,27,30,03
第16124期,09,15,21,24,27,32,10
第16123期,07,09,12,14,20,27,16
第16122期,15,22,23,24,28,29,08
第16121期,02,03,10,23,25,28,09
第16120期,02,05,06,21,25,28,09
第16119期,09,19,21,30,31,32,04
第16118期,09,14,22,23,31,33,14
第16117期,03,10,14,17,28,33,02
第16116期,07,18,20,23,27,31,13
第16115期,06,08,20,22,26,27,09
第16114期,05,16,20,22,27,29,09
第16113期,01,11,16,17,20,26,14
第16112期,06,12,14,15,18,25,12
第16111期,02,04,07,14,15,32,04
第16110期,05,07,28,31,32,33,08
第16109期,09,11,15,16,27,33,05
第16108期,02,03,07,08,19,26,16
第16107期,06,11,18,26,27,32,01
第16106期,04,05,13,22,25,30,04
第16105期,08,10,19,27,28,31,16
第16104期,05,09,11,18,30,31,04
第16103期,01,05,13,19,24,27,11
第16102期,05,08,10,14,17,30,13
第16101期,01,03,19,24,32,33,01
第16100期,03,10,22,23,27,29,04
第16099期,01,11,21,23,27,33,06
第16098期,02,08,25,29,31,32,06
第16097期,06,13,25,26,28,31,01
第16096期,06,13,14,21,22,24,16
第16095期,01,05,09,12,18,32,12
第16094期,06,07,10,12,18,31,10
第16093期,06,09,15,17,25,27,09
第16092期,02,13,15,23,24,29,06
第16091期,04,08,14,22,23,28,07
第16090期,02,13,17,20,21,26,07
第16089期,01,03,14,30,31,32,08
第16088期,03,14,16,18,25,33,15
第16087期,02,03,10,11,14,21,12
第16086期,09,10,11,12,15,32,05
第16085期,01,12,19,20,21,25,16
第16084期,02,04,12,18,24,26,05
第16083期,09,16,17,24,30,31,04
第16082期,06,12,14,15,17,20,09
第16081期,02,06,15,25,30,32,07
第16080期,01,16,17,24,25,32,14
第16079期,01,03,10,12,24,28,02
第16078期,02,04,08,23,26,29,02
第16077期,01,09,17,19,20,29,10
第16076期,07,08,13,22,30,32,01
第16075期,01,03,06,16,29,32,07
第16074期,06,10,11,12,20,25,12
第16073期,09,11,12,15,16,20,13
第16072期,05,16,19,22,24,25,02
第16071期,19,21,26,28,29,32,01
第16070期,03,06,11,18,23,29,01
第16069期,08,10,11,20,21,27,11
第16068期,08,19,23,28,31,32,01
第16067期,09,13,18,20,27,31,04
第16066期,03,07,13,18,19,20,05
第16065期,13,16,22,25,26,27,14
第16064期,03,12,14,17,19,26,03
第16063期,16,17,18,23,28,32,07
第16062期,12,13,15,18,19,21,09
第16061期,05,06,08,18,20,32,08
第16060期,04,05,22,26,29,32,08
第16059期,04,11,12,20,25,28,15
第16058期,03,05,18,20,24,32,11
第16057期,07,12,19,22,23,26,11
第16056期,03,04,08,11,16,18,14
第16055期,05,06,10,16,22,26,11
第16054期,06,11,16,19,28,32,04
第16053期,02,08,10,12,29,31,01
第16052期,01,06,13,19,24,28,16
第16051期,01,02,04,09,15,33,12
第16050期,09,12,24,28,29,30,02
第16049期,06,08,13,14,22,27,10
第16048期,03,08,13,14,15,30,04
第16047期,02,05,08,15,17,22,16
第16046期,07,20,25,26,27,30,14
第16045期,04,09,12,17,30,32,03
第16044期,01,03,10,12,18,30,01
第16043期,05,14,20,26,30,33,12
第16042期,07,14,17,23,26,31,09
第16041期,12,17,18,21,22,24,04
第16040期,03,13,19,20,23,26,03
第16039期,01,03,07,18,19,27,16
第16038期,03,12,13,22,28,29,03
第16037期,06,15,26,31,32,33,16
第16036期,03,04,07,09,20,22,03
第16035期,04,13,19,20,26,29,11
第16034期,03,15,21,22,23,28,15
第16033期,06,17,18,20,27,29,15
第16032期,08,12,14,15,21,27,15
第16031期,03,08,10,19,26,33,03
第16030期,10,14,19,22,25,29,12
第16029期,12,15,18,20,21,27,15
第16028期,06,08,12,21,25,29,01
第16027期,11,13,15,17,19,31,05
第16026期,04,09,12,28,30,33,01
第16025期,04,11,12,17,24,30,12
第16024期,02,05,07,14,18,31,13
第16023期,03,06,10,19,25,29,07
第16022期,04,09,19,22,23,30,07
第16021期,09,11,13,22,24,26,05
第16020期,01,02,10,12,22,24,10
第16019期,06,13,16,17,23,30,10
第16018期,12,13,14,17,21,25,04
第16017期,05,06,08,20,22,30,05
第16016期,01,20,22,24,25,26,16
第16015期,01,02,14,22,25,26,07
第16014期,02,08,10,18,20,27,07
第16013期,07,12,21,22,26,31,01
第16012期,07,12,14,16,27,32,15
第16011期,03,08,10,15,22,29,12
第16010期,02,04,12,14,19,25,06
第16009期,10,14,24,25,27,32,04
第16008期,02,15,24,29,32,33,02
第16007期,05,12,14,20,27,29,06
第16006期,13,16,18,20,28,31,12
第16005期,11,14,18,20,31,33,14
第16004期,08,10,17,22,25,33,12
第16003期,01,10,14,23,26,28,01
第16002期,09,14,17,20,24,30,16
第16001期,06,13,16,18,20,22,13
第15154期,07,09,11,15,18,25,07
第15153期,08,11,15,22,27,29,03
第15152期,11,18,19,21,29,32,12
第15151期,05,06,08,23,31,32,11
第15150期,01,03,08,11,29,31,13
第15149期,09,10,20,21,22,33,09
第15148期,09,13,14,22,26,27,07
第15147期,08,09,16,23,24,30,05
第15146期,16,17,21,28,30,32,15
第15145期,07,08,15,19,20,24,13
第15144期,01,04,07,15,28,32,16
第15143期,13,15,19,20,21,32,04
第15142期,13,17,19,20,22,25,11
第15141期,03,08,19,25,27,28,02
第15140期,06,20,28,29,30,31,12
第15139期,01,10,13,18,25,27,09
第15138期,01,02,08,16,19,24,11
第15137期,14,22,23,27,28,31,12
第15136期,02,05,12,23,28,29,01
第15135期,01,12,14,18,26,32,07
第15134期,02,05,14,19,27,31,04
第15133期,02,03,13,20,22,24,15
第15132期,03,05,11,28,30,33,01
第15131期,10,12,13,19,22,26,03
第15130期,06,14,15,16,17,22,10
第15129期,05,08,11,16,18,27,04
第15128期,01,03,08,11,22,28,06
第15127期,07,10,19,22,27,33,06
第15126期,10,11,15,20,23,29,12
第15125期,05,13,22,27,30,33,10
第15124期,02,03,05,12,18,27,01
第15123期,05,08,09,12,22,28,07
第15122期,05,07,11,16,22,25,07
第15121期,01,03,20,21,28,29,12
第15120期,16,21,24,26,27,29,16
第15119期,02,08,10,18,23,31,08
第15118期,01,04,11,21,23,31,12
第15117期,04,11,12,18,26,32,12
第15116期,04,06,15,23,26,28,11
第15115期,01,07,08,14,24,32,03
第15114期,04,07,09,13,21,26,01
第15113期,01,05,07,08,19,27,12
第15112期,01,03,10,19,20,27,11
第15111期,08,14,16,18,20,30,12
第15110期,05,07,16,17,22,23,04
第15109期,01,08,09,16,32,33,13
第15108期,02,12,19,22,24,27,15
第15107期,07,14,16,18,21,25,08
第15106期,01,03,04,23,31,32,13
第15105期,09,10,16,19,20,26,12
第15104期,09,18,21,23,25,26,01
第15103期,06,08,13,26,30,32,14
第15102期,07,09,12,14,21,23,06
第15101期,08,16,22,24,28,29,05
第15100期,02,03,11,17,19,21,08
第15099期,06,07,10,11,14,22,09
第15098期,06,09,13,26,27,33,01
第15097期,09,12,14,20,26,27,04
第15096期,06,16,17,23,24,31,07
第15095期,04,15,21,28,30,31,04
第15094期,01,04,06,13,16,17,10
第15093期,01,03,13,21,25,31,08
第15092期,09,15,19,21,26,27,01
第15091期,05,07,17,19,22,31,11
第15090期,10,12,14,22,25,33,15
第15089期,12,14,19,27,28,29,01
第15088期,02,12,20,24,29,31,09
第15087期,09,15,16,19,20,28,11
第15086期,05,06,08,16,18,22,12
第15085期,02,08,25,27,28,29,05
第15084期,15,18,20,22,28,29,15
第15083期,06,07,16,18,29,32,05
第15082期,02,08,09,14,28,30,07
第15081期,13,20,22,26,28,31,13
第15080期,14,17,25,27,28,30,02
第15079期,09,14,15,20,26,32,11
第15078期,03,07,20,22,26,29,02
第15077期,01,06,08,10,13,27,16
第15076期,01,09,10,19,23,27,09
第15075期,06,11,13,19,21,32,04
第15074期,04,07,21,25,26,29,08
第15073期,01,02,17,22,26,27,04
第15072期,01,03,05,20,21,31,05
第15071期,08,18,20,28,29,31,08
第15070期,01,07,13,19,21,29,15
第15069期,01,13,17,18,23,30,15
第15068期,06,15,18,21,26,27,10
第15067期,02,05,08,24,25,31,14
第15066期,05,08,11,17,24,28,16
第15065期,08,10,14,19,26,29,12
第15064期,11,12,14,17,23,27,01
第15063期,01,07,09,16,22,32,12
第15062期,09,14,15,18,21,26,16
第15061期,06,18,22,26,32,33,04
第15060期,01,03,18,27,31,32,13
第15059期,02,06,09,16,25,32,14
第15058期,02,09,10,18,19,20,15
第15057期,09,20,24,25,26,32,04
第15056期,01,07,08,16,18,20,14
第15055期,01,10,15,18,19,28,02
第15054期,01,02,07,10,22,26,07
第15053期,03,07,17,22,32,33,10
第15052期,02,04,11,16,25,26,12
第15051期,04,10,24,26,28,32,09
第15050期,03,09,12,16,17,31,04
第15049期,07,12,14,17,20,23,05
第15048期,13,16,17,22,25,27,10
第15047期,02,03,20,24,26,27,09
第15046期,05,07,10,14,23,31,01
第15045期,01,05,13,22,30,31,07
第15044期,02,03,04,13,14,16,02
第15043期,11,12,15,24,26,27,15
第15042期,09,10,19,21,23,32,08
第15041期,04,09,11,17,21,25,06
第15040期,13,16,18,27,30,32,16
第15039期,01,13,15,26,29,30,12
第15038期,05,06,11,12,14,33,14
第15037期,05,07,12,18,28,31,03
第15036期,04,06,16,17,26,33,03
第15035期,01,08,09,22,24,33,03
第15034期,12,13,17,18,20,27,13
第15033期,03,06,21,29,31,32,05
第15032期,11,14,16,18,29,32,16
第15031期,01,05,07,22,26,32,11
第15030期,08,11,14,15,16,26,07
第15029期,07,14,15,19,21,28,07
第15028期,04,07,10,26,27,28,14
第15027期,05,07,09,16,26,29,07
第15026期,02,13,17,21,22,33,13
第15025期,10,11,12,15,27,32,14
第15024期,09,11,16,18,23,24,10
第15023期,08,09,10,13,29,30,01
第15022期,04,07,10,16,23,25,10
第15021期,14,15,16,17,27,28,08
第15020期,01,04,07,19,22,23,04
第15019期,02,06,11,19,25,26,04
第15018期,06,09,12,14,28,29,09
第15017期,13,18,20,25,27,33,12
第15016期,02,06,10,15,17,31,13
第15015期,01,07,20,24,25,33,04
第15014期,02,12,16,19,27,30,11
第15013期,08,09,24,25,26,29,01
第15012期,03,05,22,23,29,31,06
第15011期,04,14,15,17,18,20,15
第15010期,01,02,03,08,21,31,09
第15009期,04,07,14,17,21,25,14
第15008期,04,07,10,16,20,22,03
第15007期,01,07,09,17,20,33,08
第15006期,01,10,11,29,31,33,13
第15005期,07,10,16,17,18,32,15
第15004期,02,14,15,16,23,24,10
第15003期,10,15,20,23,24,31,15
第15002期,07,15,16,25,28,32,05
第15001期,01,07,09,16,20,23,06
第14152期,08,13,15,20,21,25,12
第14151期,04,05,08,11,21,27,08
第14150期,03,08,14,22,24,32,09
第14149期,07,09,10,15,19,33,01
第14148期,01,02,05,12,15,16,13
第14147期,06,07,22,26,31,32,10
第14146期,01,06,13,20,29,32,01
第14145期,10,12,13,23,26,29,11
第14144期,03,05,06,09,10,27,14
第14143期,03,12,18,20,25,26,16
第14142期,06,21,22,23,25,28,13
第14141期,08,09,11,16,21,24,10
第14140期,06,10,11,14,17,33,06
第14139期,01,14,15,20,25,29,11
第14138期,04,06,13,29,31,33,13
第14137期,03,06,09,11,25,29,09
第14136期,03,16,19,27,31,32,10
第14135期,02,04,11,13,25,33,01
第14134期,05,16,22,23,26,28,02
第14133期,13,14,16,23,30,31,13
第14132期,05,06,14,15,18,33,08
第14131期,05,17,21,22,28,32,14
第14130期,01,02,10,24,30,33,10
第14129期,05,08,09,20,28,32,02
第14128期,05,07,08,17,18,24,14
第14127期,02,10,12,21,23,27,12
第14126期,06,11,16,17,22,27,01
第14125期,10,11,15,26,31,32,06
第14124期,02,17,20,24,31,33,04
第14123期,01,06,11,17,28,33,05
第14122期,06,09,11,16,20,29,11
第14121期,01,02,13,22,28,30,09
第14120期,01,07,12,16,23,28,04
第14119期,06,13,17,20,26,29,09
第14118期,05,07,15,18,26,30,03
第14117期,05,10,17,25,28,29,04
第14116期,09,10,14,15,19,29,16
第14115期,01,09,10,11,13,32,03
第14114期,02,07,23,30,32,33,10
第14113期,12,14,28,31,32,33,07
第14112期,01,15,16,21,24,30,03
第14111期,02,08,17,20,22,28,02
第14110期,01,08,11,13,19,30,06
第14109期,02,05,11,15,19,28,02
第14108期,03,08,09,20,23,28,02
第14107期,11,14,17,22,25,27,16
第14106期,09,14,17,18,21,25,15
第14105期,14,16,17,19,27,32,04
第14104期,02,06,12,19,27,28,13
第14103期,03,08,09,10,18,33,04
第14102期,14,16,21,24,28,31,13
第14101期,16,18,20,23,24,32,07
第14100期,01,06,09,10,14,16,11
第14099期,01,05,10,11,13,32,14
第14098期,02,13,17,20,29,31,07
第14097期,07,13,24,25,27,32,15
第14096期,12,14,17,19,22,24,08
第14095期,05,06,08,14,22,31,08
第14094期,01,10,18,20,23,29,01
第14093期,02,08,09,10,20,29,05
第14092期,03,13,18,19,22,26,07
第14091期,01,05,12,19,27,29,14
第14090期,05,09,11,19,24,32,13
第14089期,04,06,14,17,27,30,09
第14088期,03,06,11,14,16,29,15
第14087期,06,18,22,23,32,33,06
第14086期,02,04,10,12,14,30,08
第14085期,01,02,11,19,23,29,08
第14084期,01,06,09,10,13,25,08
第14083期,05,06,19,21,23,33,12
第14082期,02,04,20,25,26,29,11
第14081期,08,14,22,24,27,29,10
第14080期,05,14,16,17,25,30,07
第14079期,02,07,16,22,27,28,02
第14078期,02,03,05,06,09,17,07
第14077期,08,09,12,15,19,22,10
第14076期,06,10,12,17,18,33,11
第14075期,03,09,11,22,27,29,06
第14074期,01,03,06,13,30,31,12
第14073期,01,12,16,20,30,33,02
第14072期,01,03,07,13,19,32,16
第14071期,02,04,12,17,22,25,14
第14070期,01,07,09,19,28,29,07
第14069期,05,12,17,19,25,30,11
第14068期,04,12,13,22,27,29,16
第14067期,01,06,07,17,18,23,06
第14066期,02,05,15,17,18,21,16
第14065期,03,04,05,08,10,22,06
第14064期,02,09,15,16,29,32,14
第14063期,03,08,17,21,22,31,16
第14062期,06,09,15,24,25,26,09
第14061期,02,14,17,27,28,31,08
第14060期,03,05,14,18,25,33,06
第14059期,05,08,12,13,23,25,13
第14058期,02,03,12,13,14,25,11
第14057期,02,04,12,18,23,31,08
第14056期,01,11,18,20,28,29,01
第14055期,02,09,14,19,21,30,04
第14054期,01,04,05,11,29,30,14
第14053期,14,17,19,22,26,31,02
第14052期,09,13,15,28,30,33,08
第14051期,10,16,19,21,23,24,13
第14050期,03,17,23,25,26,32,13
第14049期,06,07,16,17,23,32,06
第14048期,06,09,16,17,24,25,16
第14047期,08,10,11,12,19,29,15
第14046期,02,10,11,17,18,22,10
第14045期,02,04,09,11,19,22,15
第14044期,04,09,21,27,28,33,12
第14043期,02,05,09,14,24,33,09
第14042期,12,15,20,25,28,33,14
第14041期,07,11,16,18,21,22,02
第14040期,03,04,06,11,12,15,08
第14039期,03,11,15,19,20,31,07
第14038期,04,07,22,23,24,33,16
第14037期,06,13,14,24,25,30,07
第14036期,01,07,08,09,11,22,03
第14035期,07,08,09,17,32,33,06
第14034期,01,03,04,08,25,31,06
第14033期,05,13,23,28,32,33,12
第14032期,01,02,14,22,29,33,07
第14031期,04,10,16,17,21,27,14
第14030期,12,18,19,23,24,30,10
第14029期,02,07,14,16,21,29,14
第14028期,06,16,21,27,30,32,05
第14027期,08,10,14,16,30,31,01
第14026期,01,02,05,06,11,23,14
第14025期,01,05,10,14,16,30,16
第14024期,08,10,16,20,23,30,09
第14023期,07,09,13,17,21,22,10
第14022期,04,06,07,10,21,26,16
第14021期,08,10,15,17,22,29,12
第14020期,09,14,17,23,24,25,15
第14019期,02,10,15,19,20,21,07
第14018期,13,17,18,21,30,33,15
第14017期,04,06,07,14,25,26,10
第14016期,02,03,07,13,21,24,08
第14015期,02,11,19,30,32,33,09
第14014期,04,09,19,22,25,29,15
第14013期,05,09,13,15,17,21,13
第14012期,01,08,11,19,21,24,08
第14011期,09,10,13,14,21,32,02
第14010期,05,07,08,20,31,33,11
第14009期,08,09,19,20,25,32,16
第14008期,05,14,16,21,29,30,12
第14007期,08,10,12,14,18,28,14
第14006期,03,04,07,17,21,27,14
第14005期,15,18,23,27,32,33,04
第14004期,01,04,19,22,24,25,15
第14003期,06,10,11,28,30,33,12
第14002期,04,21,23,31,32,33,04
第14001期,03,09,15,20,27,29,01
第13154期,07,11,14,19,24,29,05
第13153期,08,11,13,18,28,33,10
第13152期,04,06,14,16,18,29,05
第13151期,03,09,10,19,28,33,09
第13150期,01,15,16,25,26,29,10
第13149期,09,18,25,26,30,32,11
第13148期,06,11,12,14,17,22,01
第13147期,02,15,16,17,19,30,08
第13146期,08,20,25,30,32,33,01
第13145期,06,10,13,16,23,24,15
第13144期,05,07,12,19,27,31,02
第13143期,12,18,21,22,27,32,11
第13142期,11,12,14,20,22,29,14
第13141期,03,04,05,25,30,31,04
第13140期,01,05,12,13,21,22,10
第13139期,07,08,11,13,21,27,08
第13138期,04,15,16,24,27,28,03
第13137期,04,17,19,23,24,27,10
第13136期,04,06,14,16,18,26,06
第13135期,09,23,24,25,29,31,12
第13134期,01,17,18,19,25,29,10
第13133期,04,07,12,19,22,25,01
第13132期,20,21,22,23,25,27,12
第13131期,04,06,12,17,19,26,09
第13130期,01,03,15,16,31,33,08
第13129期,05,06,10,14,27,31,14
第13128期,07,13,17,19,25,31,08
第13127期,02,03,13,20,22,33,14
第13126期,04,10,19,27,31,33,16
第13125期,04,06,08,18,25,28,16
第13124期,03,09,15,23,25,30,07
第13123期,01,02,06,11,17,25,02
第13122期,07,10,13,15,26,27,11
第13121期,04,05,06,07,25,27,07
第13120期,05,06,13,18,23,31,11
第13119期,05,15,20,22,26,32,09
第13118期,02,03,17,22,32,33,16
第13117期,09,12,13,24,27,33,16
第13116期,12,15,21,26,32,33,07
第13115期,03,12,16,17,18,27,08
第13114期,04,06,17,21,23,33,07
第13113期,04,07,11,17,24,33,09
第13112期,01,06,12,13,22,31,07
第13111期,01,02,03,06,08,33,13
第13110期,15,17,18,21,29,32,13
第13109期,09,23,24,27,29,32,08
第13108期,16,21,22,28,31,32,05
第13107期,07,09,11,17,28,31,11
第13106期,09,11,23,30,31,32,06
第13105期,01,11,23,27,31,32,09
第13104期,01,02,04,15,17,28,11
第13103期,02,04,09,13,18,20,07
第13102期,02,04,05,06,08,16,03
第13101期,05,07,09,23,27,32,01
第13100期,04,08,11,14,16,20,11
第13099期,05,11,20,21,26,31,03
第13098期,07,15,18,19,20,26,14
第13097期,05,14,17,22,23,25,07
第13096期,01,02,22,28,29,30,15
第13095期,01,06,15,19,28,29,10
第13094期,02,04,14,18,20,22,07
第13093期,01,02,08,26,29,31,14
第13092期,07,11,15,21,26,31,06
第13091期,04,14,24,25,28,31,10
第13090期,02,05,11,23,24,29,08
第13089期,04,08,12,19,21,25,13
第13088期,09,15,20,21,22,24,14
第13087期,02,13,19,23,24,28,05
第13086期,02,04,11,13,16,26,11
第13085期,02,08,12,14,16,32,16
第13084期,05,07,09,11,20,21,03
第13083期,05,06,12,14,19,23,09
第13082期,04,13,14,20,22,30,06
第13081期,01,04,10,13,21,31,13
第13080期,10,11,12,23,28,32,16
第13079期,07,13,17,19,22,26,13
第13078期,03,05,17,18,26,27,15
第13077期,09,14,23,24,26,29,03
第13076期,14,23,24,26,29,30,03
第13075期,04,06,09,25,30,33,14
第13074期,03,06,08,14,19,32,03
第13073期,02,09,13,17,20,28,11
第13072期,02,08,11,14,19,33,09
第13071期,05,12,21,23,26,28,09
第13070期,02,03,09,10,28,30,06
第13069期,07,16,17,18,30,33,06
第13068期,02,07,13,20,25,27,06
第13067期,01,04,09,15,22,30,06
第13066期,01,03,16,17,20,32,07
第13065期,07,18,19,23,29,30,02
第13064期,01,09,13,22,25,32,12
第13063期,10,15,18,20,23,31,12
第13062期,01,06,07,19,22,27,02
第13061期,05,06,07,12,13,18,12
第13060期,05,07,10,13,19,20,15
第13059期,03,10,18,24,27,29,09
第13058期,08,11,17,21,23,24,05
第13057期,13,16,19,23,26,28,05
第13056期,03,12,25,26,28,29,16
第13055期,08,18,19,22,27,32,06
第13054期,03,04,08,14,21,28,14
第13053期,03,12,13,22,30,33,14
第13052期,06,07,14,21,22,24,13
第13051期,08,12,15,19,28,29,02
第13050期,03,07,13,18,22,25,03
第13049期,10,13,14,16,21,32,14
第13048期,10,13,17,28,30,32,04
第13047期,01,08,11,17,27,30,12
第13046期,03,16,19,20,24,26,06
第13045期,06,07,08,14,23,31,12
第13044期,03,05,11,18,26,28,06
第13043期,03,06,14,15,17,25,16
第13042期,01,08,12,13,15,33,03
第13041期,02,10,12,17,23,24,05
第13040期,02,04,10,12,17,30,10
第13039期,01,02,14,15,24,29,06
第13038期,09,10,12,14,15,19,11
第13037期,02,15,18,27,28,32,14
第13036期,04,05,09,27,29,31,13
第13035期,01,14,15,17,26,30,02
第13034期,06,15,20,22,26,33,09
第13033期,05,06,13,17,19,28,01
第13032期,04,21,25,29,30,33,03
第13031期,03,13,14,15,21,33,03
第13030期,07,14,18,25,26,29,06
第13029期,06,07,10,19,23,29,12
第13028期,07,08,14,25,26,28,13
第13027期,01,02,04,12,21,24,12
第13026期,04,11,14,15,22,31,11
第13025期,16,17,18,24,25,30,08
第13024期,04,05,13,23,27,30,09
第13023期,03,06,15,18,30,32,05
第13022期,02,04,07,09,15,20,07
第13021期,01,06,17,19,26,31,11
第13020期,01,07,08,12,16,21,01
第13019期,01,02,05,16,20,26,06
第13018期,02,08,13,28,29,30,05
第13017期,04,06,12,30,31,32,09
第13016期,02,05,06,12,14,28,05
第13015期,05,06,07,11,13,18,15
第13014期,02,04,05,17,19,20,08
第13013期,05,06,13,19,22,28,09
第13012期,06,14,17,22,28,29,02
第13011期,03,12,17,24,27,29,09
第13010期,01,09,11,17,32,33,12
第13009期,01,04,09,13,16,23,02
第13008期,03,08,17,21,25,32,15
第13007期,02,09,15,22,26,32,01
第13006期,09,10,13,17,22,30,13
第13005期,01,13,14,25,31,32,12
第13004期,06,10,16,20,27,32,08
第13003期,22,23,26,27,28,33,09
第13002期,01,16,18,22,28,30,12
第13001期,06,08,14,15,24,25,06
第12154期,05,07,12,16,28,32,04
第12153期,04,05,11,21,27,28,10
第12152期,10,12,18,22,28,29,07
第12151期,05,14,24,25,26,32,01
第12150期,09,11,17,23,24,26,07
第12149期,01,05,13,25,26,32,13
第12148期,03,06,11,17,21,31,07
第12147期,02,12,15,23,24,32,09
第12146期,01,05,07,13,29,32,13
第12145期,05,20,26,27,28,33,03
第12144期,03,10,12,13,27,30,04
第12143期,07,08,18,25,30,32,06
第12142期,05,18,22,28,29,31,06
第12141期,03,05,08,19,20,27,09
第12140期,14,18,27,30,31,33,15
第12139期,08,19,21,24,28,31,15
第12138期,01,07,16,17,19,21,14
第12137期,01,02,04,06,13,17,07
第12136期,02,07,08,17,21,28,11
第12135期,02,05,07,08,11,17,16
第12134期,02,05,06,07,13,23,15
第12133期,01,08,11,20,21,29,02
第12132期,07,12,16,17,21,25,10
第12131期,06,18,19,26,28,32,12
第12130期,01,03,15,20,22,31,03
第12129期,01,07,09,17,21,29,01
第12128期,05,09,12,29,30,31,05
第12127期,01,09,11,21,26,32,08
第12126期,03,05,12,15,23,24,07
第12125期,08,12,13,26,29,33,01
第12124期,06,07,21,25,27,33,11
第12123期,08,10,16,25,28,33,09
第12122期,12,13,19,22,28,29,11
第12121期,01,07,08,20,23,24,11
第12120期,01,04,20,24,28,29,16
第12119期,12,20,25,26,27,28,13
第12118期,05,06,07,12,15,28,11
第12117期,13,15,18,20,24,28,09
第12116期,03,21,26,29,31,32,03
第12115期,03,08,20,24,26,32,14
第12114期,01,06,11,26,27,29,15
第12113期,03,06,09,13,18,32,06
第12112期,08,15,20,21,27,31,06
第12111期,02,09,10,20,22,31,13
第12110期,03,07,10,13,22,32,09
第12109期,02,12,24,26,29,31,03
第12108期,01,09,12,13,19,28,13
第12107期,11,12,15,24,25,31,09
第12106期,13,14,20,22,23,32,16
第12105期,06,13,14,15,17,30,04
第12104期,04,05,09,10,19,28,03
第12103期,04,09,11,14,32,33,02
第12102期,13,25,27,28,29,30,15
第12101期,09,12,17,18,20,33,02
第12100期,05,07,15,18,25,33,10
第12099期,08,12,15,16,21,27,16
第12098期,02,12,19,26,29,31,09
第12097期,05,08,13,14,19,22,06
第12096期,04,07,11,16,29,33,07
第12095期,17,24,27,28,29,30,02
第12094期,06,09,14,16,23,33,15
第12093期,03,05,19,21,24,33,13
第12092期,06,13,17,18,28,32,03
第12091期,01,05,07,08,19,21,16
第12090期,02,13,20,25,29,30,11
第12089期,03,07,10,13,14,25,11
第12088期,03,05,23,24,27,31,15
第12087期,03,10,11,13,14,22,09
第12086期,08,09,13,15,22,23,08
第12085期,05,17,24,30,31,33,05
第12084期,02,10,20,26,28,29,14
第12083期,04,09,14,15,26,33,04
第12082期,02,04,11,18,22,29,06
第12081期,02,05,10,24,25,29,06
第12080期,04,09,14,15,16,27,03
第12079期,06,07,12,24,30,33,12
第12078期,08,15,22,24,28,33,12
第12077期,02,04,13,18,26,28,12
第12076期,11,18,22,27,29,30,15
第12075期,04,06,22,23,29,32,11
第12074期,15,16,18,19,28,32,08
第12073期,04,07,09,10,17,27,05
第12072期,02,03,07,09,13,30,06
第12071期,03,04,19,21,22,23,08
第12070期,02,03,04,24,31,32,11
第12069期,08,10,11,18,20,29,06
第12068期,05,17,22,26,32,33,10
第12067期,04,05,10,21,26,30,16
第12066期,01,02,09,26,29,33,12
第12065期,08,10,18,19,27,31,14
第12064期,05,10,11,16,23,24,11
第12063期,02,10,17,19,24,27,12
第12062期,02,13,16,17,20,31,07
第12061期,03,08,11,12,14,18,14
第12060期,07,10,13,16,17,29,01
第12059期,04,13,21,22,26,31,01
第12058期,03,06,15,20,25,26,04
第12057期,03,05,19,21,27,31,04
第12056期,04,07,14,17,26,31,10
第12055期,04,06,13,20,24,28,01
第12054期,06,14,18,20,30,33,14
第12053期,04,15,22,25,27,33,04
第12052期,02,03,05,06,20,24,04
第12051期,02,12,14,17,30,31,09
第12050期,07,13,15,17,19,24,11
第12049期,04,12,13,19,20,32,02
第12048期,01,05,14,22,24,30,10
第12047期,06,07,11,16,32,33,11
第12046期,04,12,19,20,23,33,06
第12045期,08,11,20,21,27,30,09
第12044期,06,09,10,14,22,25,03
第12043期,02,09,11,21,26,33,03
第12042期,05,06,11,19,24,28,16
第12041期,08,11,15,20,24,32,02
第12040期,03,08,09,22,25,31,10
第12039期,01,02,05,13,22,29,08
第12038期,09,10,11,15,19,33,16
第12037期,05,14,19,24,28,33,09
第12036期,02,11,13,18,19,26,09
第12035期,09,11,12,21,24,26,05
第12034期,02,03,08,23,32,33,16
第12033期,02,03,15,16,17,27,04
第12032期,01,02,10,17,22,24,04
第12031期,04,16,22,24,27,31,03
第12030期,09,10,17,18,21,31,08
第12029期,04,07,15,25,26,28,03
第12028期,10,15,20,21,28,30,11
第12027期,04,16,22,25,30,31,12
第12026期,03,07,09,15,24,25,16
第12025期,03,08,09,17,25,27,06
第12024期,04,12,19,21,25,28,13
第12023期,05,09,15,23,24,33,02
第12022期,04,08,12,24,26,27,04
第12021期,01,15,16,18,22,30,03
第12020期,03,08,12,18,23,29,11
第12019期,07,14,18,20,22,30,16
第12018期,03,05,06,22,26,32,15
第12017期,06,09,14,19,25,28,10
第12016期,02,05,12,17,22,25,08
第12015期,01,03,06,10,21,23,15
第12014期,01,02,05,16,28,30,12
第12013期,06,08,24,29,30,32,13
第12012期,15,17,18,20,23,27,01
第12011期,04,14,15,16,20,26,05
第12010期,01,03,13,19,25,26,10
第12009期,04,16,24,26,27,33,11
第12008期,01,12,20,23,24,29,08
第12007期,10,17,19,27,28,32,04
第12006期,02,22,25,29,32,33,08
第12005期,07,09,18,27,31,33,06
第12004期,01,05,10,11,21,23,16
第12003期,03,06,08,24,29,31,09
第12002期,02,03,07,09,10,32,13
第12001期,01,04,05,09,15,17,06
第11153期,05,08,09,10,20,25,13
第11152期,04,10,11,12,21,26,13
第11151期,07,11,16,19,31,33,10
第11150期,08,10,12,15,22,27,13
第11149期,04,05,06,07,23,31,16
第11148期,05,14,22,23,25,26,14
第11147期,04,08,12,17,18,30,10
第11146期,11,23,26,28,32,33,10
第11145期,02,04,14,15,26,30,04
第11144期,01,02,09,10,16,24,03
第11143期,07,08,12,14,15,30,16
第11142期,12,15,16,26,29,31,02
第11141期,02,04,06,19,24,29,11
第11140期,04,18,20,22,27,29,06
第11139期,08,20,24,27,30,31,03
第11138期,01,05,15,24,28,32,07
第11137期,02,11,18,23,30,33,13
第11136期,02,04,06,20,22,31,07
第11135期,12,13,17,20,25,26,12
第11134期,01,02,06,07,30,31,10
第11133期,12,14,20,21,25,31,16
第11132期,02,05,12,13,25,33,07
第11131期,02,07,09,17,21,25,01
第11130期,07,14,18,23,25,32,15
第11129期,07,10,11,21,23,26,06
第11128期,09,11,14,17,19,23,12
第11127期,16,19,22,23,27,29,11
第11126期,03,07,13,18,23,26,16
第11125期,03,10,15,24,27,32,08
第11124期,09,18,19,26,31,32,16
第11123期,01,04,05,14,19,28,16
第11122期,10,12,18,26,27,31,03
第11121期,04,14,22,25,32,33,02
第11120期,04,14,17,28,30,33,07
第11119期,09,12,14,19,28,32,01
第11118期,05,06,11,14,20,21,10
第11117期,08,10,19,26,28,30,04
第11116期,01,07,11,12,17,27,05
第11115期,07,08,09,12,17,33,16
第11114期,01,14,15,16,30,32,09
第11113期,06,10,11,25,32,33,05
第11112期,03,05,16,18,23,24,15
第11111期,01,03,05,20,25,27,04
第11110期,12,14,21,26,28,33,12
第11109期,01,03,09,15,16,33,15
第11108期,02,17,22,26,29,33,10
第11107期,04,09,16,17,22,29,15
第11106期,02,11,12,14,24,32,14
第11105期,04,06,23,25,27,28,01
第11104期,09,10,16,20,25,29,09
第11103期,04,05,10,13,15,16,12
第11102期,01,05,13,21,27,31,11
第11101期,06,10,19,23,29,31,06
第11100期,07,11,21,23,31,32,05
第11099期,10,12,13,21,26,27,14
第11098期,03,07,20,21,22,32,05
第11097期,09,17,19,20,21,26,16
第11096期,01,04,07,13,14,19,15
第11095期,03,07,08,10,23,24,05
第11094期,09,11,12,17,18,19,05
第11093期,04,07,11,13,23,30,09
第11092期,05,10,17,26,31,32,04
第11091期,09,15,21,23,28,30,03
第11090期,02,05,14,18,21,25,16
第11089期,01,02,11,24,29,30,12
第11088期,03,09,17,20,21,29,04
第11087期,02,03,04,05,18,28,01
第11086期,06,07,09,12,17,24,09
第11085期,03,06,11,21,24,31,10
第11084期,09,10,12,16,18,32,15
第11083期,07,16,18,24,28,29,06
第11082期,07,16,17,20,25,26,04
第11081期,06,14,19,23,25,32,12
第11080期,02,07,09,25,31,32,09
第11079期,03,14,15,16,24,29,05
第11078期,03,05,13,20,22,29,09
第11077期,01,07,08,15,26,29,10
第11076期,06,19,21,26,32,33,13
第11075期,07,09,10,12,31,32,13
第11074期,02,21,26,28,29,32,01
第11073期,03,04,05,12,17,21,14
第11072期,01,06,10,11,18,27,12
第11071期,01,02,15,22,28,30,02
第11070期,01,03,05,12,21,28,12
第11069期,02,13,16,18,24,30,12
第11068期,03,07,10,15,19,24,10
第11067期,17,19,20,24,25,27,12
第11066期,04,06,14,17,30,32,12
第11065期,04,16,23,25,27,29,03
第11064期,03,06,07,29,30,33,02
第11063期,04,06,13,15,18,19,05
第11062期,04,08,09,10,29,30,03
第11061期,02,03,08,13,19,21,03
第11060期,10,11,13,21,27,31,01
第11059期,24,26,27,29,31,33,16
第11058期,07,18,22,30,32,33,06
第11057期,04,06,20,21,26,33,02
第11056期,13,16,19,20,23,25,10
第11055期,08,13,16,17,29,32,16
第11054期,08,11,16,17,22,33,08
第11053期,03,06,10,12,22,30,15
第11052期,04,05,08,19,27,28,08
第11051期,01,07,11,14,15,16,14
第11050期,04,05,19,22,28,29,15
第11049期,01,11,17,18,27,31,14
第11048期,10,14,18,25,26,27,15
第11047期,04,13,23,25,27,33,14
第11046期,09,17,18,26,29,30,08
第11045期,02,16,17,20,26,32,08
第11044期,03,14,16,26,27,31,09
第11043期,04,13,14,17,25,31,04
第11042期,05,13,15,17,19,21,15
第11041期,04,10,12,13,30,32,13
第11040期,05,11,14,24,26,28,13
第11039期,03,07,10,16,24,29,13
第11038期,02,14,15,19,23,24,12
第11037期,01,03,04,06,17,25,11
第11036期,02,11,20,22,24,31,05
第11035期,13,14,18,20,27,31,02
第11034期,13,14,17,19,24,31,08
第11033期,02,08,12,13,19,29,04
第11032期,03,05,07,13,14,15,15
第11031期,16,17,24,28,29,32,12
第11030期,02,09,19,24,25,33,10
第11029期,01,04,09,10,20,31,07
第11028期,01,04,05,14,16,17,01
第11027期,13,18,21,22,25,26,01
第11026期,07,08,17,19,21,26,12
第11025期,08,25,26,31,32,33,09
第11024期,05,07,10,19,26,31,14
第11023期,02,03,06,21,22,25,05
第11022期,02,07,14,16,17,21,05
第11021期,01,02,14,18,25,31,08
第11020期,12,16,17,19,24,30,05
第11019期,02,04,12,19,32,33,16
第11018期,13,15,18,28,30,33,01
第11017期,02,06,15,23,26,33,08
第11016期,03,04,16,17,22,29,13
第11015期,03,06,13,26,27,29,07
第11014期,05,07,10,11,23,26,16
第11013期,01,03,13,16,21,22,08
第11012期,07,08,11,13,15,26,13
第11011期,01,12,18,19,21,24,10
第11010期,01,04,05,09,15,19,13
第11009期,17,18,23,24,25,26,04
第11008期,10,12,13,17,24,31,15
第11007期,01,09,17,24,26,31,05
第11006期,01,03,05,13,16,18,05
第11005期,06,09,12,14,20,22,13
第11004期,04,06,08,10,13,26,05
第11003期,13,14,21,22,23,27,04
第11002期,06,08,12,17,28,33,05
第11001期,03,09,20,24,26,32,10
第10153期,03,06,12,19,30,31,13
第10152期,04,09,17,21,25,31,01
第10151期,02,13,14,17,19,26,14
第10150期,02,17,18,23,29,30,06
第10149期,02,07,08,16,25,30,09
第10148期,01,03,07,18,23,27,12
第10147期,02,08,15,18,24,30,03
第10146期,01,17,18,22,25,32,01
第10145期,03,21,24,27,28,31,08
第10144期,02,03,08,15,19,21,11
第10143期,09,16,18,26,30,31,14
第10142期,02,16,18,23,26,27,10
第10141期,02,03,07,18,23,27,06
第10140期,01,12,13,18,26,29,15
第10139期,11,13,18,20,26,31,09
第10138期,01,21,23,24,26,30,05
第10137期,07,09,10,13,19,33,06
第10136期,04,10,23,24,26,33,10
第10135期,04,10,13,25,26,30,10
第10134期,09,15,16,22,27,28,06
第10133期,03,09,17,21,26,32,01
第10132期,02,10,12,18,24,33,15
第10131期,05,06,15,16,19,26,06
第10130期,01,02,07,15,21,31,16
第10129期,04,08,14,25,28,32,16
第10128期,04,11,19,20,24,28,12
第10127期,01,04,08,17,25,33,01
第10126期,03,13,18,20,27,28,05
第10125期,06,07,13,23,28,29,09
第10124期,02,06,08,11,12,25,02
第10123期,06,12,15,18,29,32,10
第10122期,02,09,12,16,25,27,06
第10121期,08,11,13,18,25,30,15
第10120期,01,02,05,06,10,29,16
第10119期,07,17,25,27,30,31,09
第10118期,05,08,11,13,15,25,05
第10117期,01,08,20,22,24,28,01
第10116期,05,09,10,20,22,26,07
第10115期,01,22,24,25,29,33,15
第10114期,01,08,11,15,17,25,01
第10113期,05,10,15,18,20,28,10
第10112期,01,08,18,24,29,30,16
第10111期,04,07,08,13,17,18,10
第10110期,01,03,12,24,26,27,01
第10109期,04,15,18,25,29,32,15
第10108期,02,04,08,20,23,24,07
第10107期,08,12,15,17,22,33,16
第10106期,02,06,08,15,26,29,16
第10105期,01,08,09,19,21,31,11
第10104期,07,17,23,24,27,32,02
第10103期,06,09,14,17,20,33,09
第10102期,04,11,16,20,22,29,10
第10101期,04,09,18,21,25,26,06
第10100期,01,06,12,22,23,26,08
第10099期,03,04,17,24,27,30,06
第10098期,01,03,08,16,29,33,07
第10097期,10,16,18,21,24,26,01
第10096期,07,12,21,23,24,28,03
第10095期,09,11,16,17,25,27,14
第10094期,03,05,07,27,31,32,10
第10093期,09,10,19,28,32,33,06
第10092期,03,13,19,27,28,30,02
第10091期,06,13,16,20,22,24,16
第10090期,01,06,10,15,25,31,14
第10089期,07,08,09,16,23,26,01
第10088期,05,06,15,23,27,30,12
第10087期,01,08,16,17,25,30,10
第10086期,05,21,28,29,30,31,08
第10085期,01,08,12,13,24,27,08
第10084期,02,10,14,18,20,30,03
第10083期,02,20,21,22,23,31,12
第10082期,01,08,13,14,27,31,02
第10081期,02,03,09,24,26,27,05
第10080期,08,10,13,14,16,23,16
第10079期,08,11,12,14,18,22,02
第10078期,01,03,09,11,17,23,12
第10077期,02,08,14,20,21,24,09
第10076期,01,12,14,29,31,32,15
第10075期,05,09,12,13,15,22,14
第10074期,02,10,17,18,19,29,15
第10073期,01,16,20,23,27,31,02
第10072期,06,08,22,23,30,31,01
第10071期,05,13,14,17,20,26,01
第10070期,08,13,23,27,31,33,07
第10069期,12,14,20,22,24,32,11
第10068期,03,13,18,20,23,28,13
第10067期,01,07,10,14,21,25,01
第10066期,01,03,21,22,31,32,07
第10065期,02,07,08,17,30,32,12
第10064期,08,14,25,26,30,31,11
第10063期,02,06,10,17,23,24,03
第10062期,11,13,15,20,31,33,03
第10061期,02,04,16,19,22,26,12
第10060期,01,08,15,18,22,27,09
第10059期,01,09,11,12,18,30,10
第10058期,01,04,11,17,19,29,12
第10057期,05,11,12,19,25,32,05
第10056期,01,02,03,08,13,32,07
第10055期,02,03,13,19,20,23,08
第10054期,01,06,08,12,14,25,06
第10053期,03,22,24,27,28,30,14
第10052期,01,02,19,23,27,29,10
第10051期,04,17,23,27,28,32,03
第10050期,07,21,22,26,28,30,11
第10049期,01,06,10,26,27,28,02
第10048期,01,06,08,10,23,33,02
第10047期,03,10,13,20,21,32,15
第10046期,11,12,21,23,27,32,05
第10045期,02,03,04,13,20,29,01
第10044期,03,09,21,23,27,31,05
第10043期,04,10,19,22,28,33,04
第10042期,03,06,11,20,31,32,10
第10041期,03,05,13,19,25,29,12
第10040期,12,19,24,25,30,32,11
第10039期,08,17,21,23,25,32,12
第10038期,01,06,07,11,13,16,01
第10037期,03,16,19,21,24,26,06
第10036期,06,13,14,28,29,30,08
第10035期,09,10,11,18,19,21,10
第10034期,06,11,13,22,25,32,12
第10033期,08,10,11,12,25,29,09
第10032期,08,18,21,28,29,33,08
第10031期,05,07,13,24,25,28,04
第10030期,03,06,10,16,25,31,05
第10029期,01,05,14,16,17,22,03
第10028期,01,03,06,12,16,32,12
第10027期,03,04,15,25,26,30,13
第10026期,02,04,05,08,19,22,12
第10025期,04,05,07,10,13,25,11
第10024期,07,16,26,27,29,31,14
第10023期,02,09,11,22,24,27,11
第10022期,01,02,18,29,31,32,02
第10021期,02,09,16,17,19,25,04
第10020期,05,06,14,22,24,26,09
第10019期,02,10,22,24,26,27,06
第10018期,11,28,29,30,32,33,02
第10017期,01,03,06,11,12,23,11
第10016期,02,08,10,12,30,33,16
第10015期,01,04,16,21,23,28,06
第10014期,01,03,07,14,26,28,02
第10013期,01,02,03,16,18,23,12
第10012期,02,08,13,14,25,33,10
第10011期,07,08,14,22,24,30,07
第10010期,07,08,12,15,22,26,08
第10009期,01,09,13,21,24,32,06
第10008期,05,07,13,15,18,30,14
第10007期,14,22,27,28,30,33,14
第10006期,03,05,07,13,14,18,05
第10005期,03,05,06,08,17,18,14
第10004期,01,12,13,16,23,28,07
第10003期,14,22,26,27,28,31,04
第10002期,03,06,07,23,30,33,13
第10001期,07,17,18,27,29,32,13
第09154期,01,07,12,14,18,25,16
第09153期,06,07,08,20,21,25,10
第09152期,03,04,19,21,27,28,05
第09151期,06,08,10,16,25,30,14
第09150期,04,06,07,16,19,20,04
第09149期,01,03,16,18,22,29,04
第09148期,06,12,15,22,29,32,10
第09147期,06,08,10,18,22,32,16
第09146期,03,09,16,20,22,33,15
第09145期,03,05,11,15,26,33,11
第09144期,01,05,10,17,18,29,12
第09143期,05,09,11,17,23,28,10
第09142期,07,11,15,19,20,24,13
第09141期,02,13,21,28,29,31,09
第09140期,04,05,11,18,22,33,12
第09139期,01,05,15,17,27,29,02
第09138期,04,07,14,26,32,33,14
第09137期,08,12,14,15,17,21,01
第09136期,01,04,14,22,30,33,01
第09135期,01,03,14,19,30,33,16
第09134期,03,05,12,15,28,33,06
第09133期,05,09,13,18,20,32,01
第09132期,04,14,15,21,23,30,07
第09131期,16,23,25,26,32,33,05
第09130期,02,03,07,12,13,30,11
第09129期,06,07,16,17,24,25,07
第09128期,05,08,15,16,26,32,01
第09127期,02,11,12,14,15,16,04
第09126期,03,05,06,10,19,23,15
第09125期,06,07,08,22,26,27,12
第09124期,03,04,22,23,28,30,10
第09123期,09,13,20,22,25,28,14
第09122期,07,14,16,27,29,32,01
第09121期,02,04,06,10,25,30,09
第09120期,01,02,08,12,16,30,16
第09119期,06,07,10,12,15,21,05
第09118期,12,16,25,26,27,31,05
第09117期,05,09,15,21,26,31,13
第09116期,05,17,21,25,27,32,14
第09115期,02,09,13,15,19,24,03
第09114期,03,05,11,12,31,32,11
第09113期,04,12,20,25,28,29,16
第09112期,06,07,18,24,30,32,09
第09111期,02,04,07,14,15,25,15
第09110期,04,10,13,15,19,30,14
第09109期,05,06,07,14,25,28,01
第09108期,04,10,17,28,32,33,02
第09107期,07,08,20,23,28,29,05
第09106期,01,02,15,18,20,29,04
第09105期,02,08,10,16,27,30,15
第09104期,20,22,26,29,30,32,16
第09103期,06,11,17,20,23,24,09
第09102期,03,05,07,08,14,31,10
第09101期,01,02,05,10,19,24,14
第09100期,02,11,17,27,30,33,11
第09099期,08,09,18,20,25,29,09
第09098期,03,14,15,20,23,30,02
第09097期,07,13,24,26,28,32,14
第09096期,01,26,27,31,32,33,03
第09095期,08,09,14,28,31,33,15
第09094期,03,16,22,25,26,33,14
第09093期,01,11,20,31,32,33,01
第09092期,02,06,07,14,18,31,08
第09091期,03,08,11,14,25,29,04
第09090期,07,09,14,20,23,30,14
第09089期,02,03,07,11,19,32,04
第09088期,04,07,11,15,16,17,02
第09087期,06,11,13,20,28,32,06
第09086期,11,12,13,18,23,32,11
第09085期,04,08,12,17,20,30,03
第09084期,04,09,11,20,32,33,13
第09083期,02,08,12,18,24,28,04
第09082期,11,15,18,21,27,29,02
第09081期,04,05,06,25,29,30,03
第09080期,01,11,13,25,32,33,06
第09079期,02,09,16,21,30,31,13
第09078期,05,07,12,14,15,20,13
第09077期,01,09,14,16,28,32,16
第09076期,09,18,19,25,28,31,06
第09075期,01,13,15,17,20,30,05
第09074期,05,10,16,19,23,28,13
第09073期,09,16,17,18,22,27,14
第09072期,01,03,12,20,21,29,04
第09071期,04,05,23,26,31,32,06
第09070期,01,02,09,10,21,31,10
第09069期,03,05,12,18,21,23,02
第09068期,06,11,18,20,25,30,05
第09067期,04,10,16,23,28,30,05
第09066期,02,15,19,24,31,32,04
第09065期,08,12,20,22,30,33,02
第09064期,01,02,14,23,28,29,15
第09063期,02,05,11,26,30,32,16
第09062期,10,19,20,21,23,32,10
第09061期,10,11,13,16,19,30,03
第09060期,07,13,17,26,32,33,04
第09059期,03,07,13,23,27,30,11
第09058期,05,08,10,15,23,26,09
第09057期,05,07,10,14,17,25,11
第09056期,04,09,10,18,29,32,08
第09055期,03,04,18,22,24,29,11
第09054期,16,17,23,26,31,32,11
第09053期,07,12,18,19,22,28,04
第09052期,09,11,15,19,21,30,08
第09051期,06,10,13,16,21,23,07
第09050期,13,21,24,29,30,32,04
第09049期,09,12,14,20,30,31,06
第09048期,03,07,11,15,17,31,01
第09047期,06,08,11,15,21,22,16
第09046期,16,20,21,26,29,30,09
第09045期,03,04,06,23,30,32,01
第09044期,11,14,16,18,26,30,01
第09043期,04,09,10,15,18,26,07
第09042期,08,16,22,23,27,30,11
第09041期,01,08,23,26,28,33,08
第09040期,04,07,10,20,26,30,12
第09039期,05,12,14,15,21,27,03
第09038期,12,13,15,23,28,32,05
第09037期,02,06,15,18,20,31,03
第09036期,06,09,18,23,32,33,07
第09035期,06,15,21,26,29,31,05
第09034期,09,12,18,21,22,26,07
第09033期,07,08,13,14,29,30,06
第09032期,09,11,12,19,27,32,06
第09031期,01,02,03,15,30,33,01
第09030期,08,14,24,26,28,32,07
第09029期,12,13,15,22,23,29,13
第09028期,03,06,12,15,23,26,10
第09027期,02,07,11,16,27,32,06
第09026期,11,15,17,18,20,30,16
第09025期,10,20,22,23,26,33,11
第09024期,01,03,17,23,30,33,12
第09023期,01,06,07,15,24,30,08
第09022期,05,08,09,10,11,18,08
第09021期,01,04,05,17,24,27,09
第09020期,03,05,07,10,19,23,13
第09019期,06,17,19,20,26,27,04
第09018期,02,05,06,19,27,30,15
第09017期,06,14,15,19,25,26,08
第09016期,02,07,13,16,20,33,03
第09015期,02,04,06,15,17,32,05
第09014期,03,06,09,14,15,18,02
第09013期,04,08,09,21,26,27,09
第09012期,05,11,14,17,18,28,01
第09011期,02,04,13,14,18,23,15
第09010期,03,10,17,19,20,24,02
第09009期,08,15,21,30,31,33,02
第09008期,04,15,16,22,32,33,02
第09007期,01,05,12,23,25,26,15
第09006期,06,12,18,20,26,33,02
第09005期,01,03,08,15,17,21,13
第09004期,03,11,13,17,28,31,03
第09003期,02,03,06,15,25,30,02
第09002期,10,14,17,25,29,33,14
第09001期,04,21,23,24,30,31,04
第08154期,02,05,07,21,22,26,08
第08153期,01,04,18,21,24,30,16
第08152期,01,04,06,22,26,30,08
第08151期,06,08,10,14,17,19,06
第08150期,04,19,22,24,29,32,02
第08149期,10,14,22,28,29,33,02
第08148期,03,05,09,22,26,28,09
第08147期,07,08,14,22,26,33,02
第08146期,07,08,17,19,31,32,10
第08145期,07,13,18,22,26,29,02
第08144期,02,05,10,27,29,33,15
第08143期,12,17,18,19,26,27,06
第08142期,05,06,10,13,17,28,15
第08141期,03,13,20,25,29,33,15
第08140期,07,14,16,29,30,31,14
第08139期,08,09,19,23,25,26,07
第08138期,07,14,19,23,25,32,04
第08137期,01,04,24,28,29,33,09
第08136期,05,09,10,12,18,28,02
第08135期,05,14,15,16,19,21,15
第08134期,10,15,19,20,28,32,02
第08133期,08,11,16,19,24,26,11
第08132期,09,13,16,25,27,33,08
第08131期,02,12,15,18,22,32,08
第08130期,01,12,18,28,30,32,06
第08129期,01,03,18,24,25,32,15
第08128期,01,05,19,20,27,33,05
第08127期,05,08,19,22,27,30,13
第08126期,04,11,12,14,20,30,13
第08125期,10,11,12,15,26,29,09
第08124期,01,07,10,13,21,22,03
第08123期,10,11,15,16,25,29,02
第08122期,02,08,11,14,19,26,15
第08121期,02,22,23,27,31,32,06
第08120期,10,11,22,24,26,33,02
第08119期,05,07,09,15,24,29,07
第08118期,04,09,16,27,31,33,01
第08117期,03,05,07,10,14,33,07
第08116期,03,07,21,22,24,29,14
第08115期,02,12,13,14,17,18,06
第08114期,04,09,20,24,25,31,14
第08113期,06,09,10,12,17,22,09
第08112期,05,13,14,19,22,23,06
第08111期,17,18,21,25,31,32,06
第08110期,10,16,22,23,29,31,02
第08109期,04,07,09,16,21,28,10
第08108期,09,10,15,17,23,30,12
第08107期,06,13,18,22,27,32,04
第08106期,14,19,25,27,29,30,15
第08105期,05,17,19,27,28,32,02
第08104期,03,06,08,17,24,31,01
第08103期,01,12,16,18,22,33,04
第08102期,03,07,12,21,25,32,05
第08101期,09,17,21,26,28,30,04
第08100期,08,14,17,21,27,28,14
第08099期,10,15,16,22,23,24,07
第08098期,06,07,10,11,15,30,01
第08097期,03,06,08,09,16,17,13
第08096期,06,08,12,24,27,31,14
第08095期,03,08,14,21,28,29,03
第08094期,01,04,15,16,23,28,14
第08093期,04,10,12,16,26,28,07
第08092期,01,03,18,27,28,30,05
第08091期,03,12,14,23,31,32,10
第08090期,02,07,14,18,19,24,01
第08089期,03,06,11,16,22,27,11
第08088期,01,06,08,16,17,23,05
第08087期,01,07,26,29,30,31,06
第08086期,04,05,10,26,27,30,12
第08085期,01,04,12,20,24,29,15
第08084期,04,07,13,20,29,30,16
第08083期,07,08,09,18,29,32,09
第08082期,04,08,10,12,21,26,09
第08081期,02,12,13,18,25,31,04
第08080期,04,14,22,25,29,32,14
第08079期,03,04,05,10,20,32,09
第08078期,06,13,16,26,30,33,01
第08077期,04,12,22,26,30,33,09
第08076期,02,05,07,11,13,18,11
第08075期,01,08,14,18,22,30,03
第08074期,01,11,15,19,20,24,09
第08073期,01,09,13,22,28,33,08
第08072期,01,05,10,18,22,30,09
第08071期,01,06,21,26,27,28,09
第08070期,05,06,12,15,18,33,13
第08069期,05,08,17,20,26,30,10
第08068期,05,07,17,23,27,29,07
第08067期,10,11,15,19,26,33,13
第08066期,07,12,21,22,29,30,08
第08065期,05,13,15,19,30,31,05
第08064期,01,02,07,09,12,18,12
第08063期,05,09,11,14,16,17,15
第08062期,06,08,13,17,24,27,15
第08061期,01,02,05,12,26,31,06
第08060期,06,07,08,17,30,32,03
第08059期,02,06,15,29,31,32,16
第08058期,01,12,21,27,29,31,11
第08057期,19,20,21,26,28,30,08
第08056期,08,13,22,23,25,30,07
第08055期,11,16,19,23,26,31,04
第08054期,02,06,16,17,20,25,07
第08053期,06,12,19,20,21,27,04
第08052期,02,10,17,23,29,31,10
第08051期,01,04,08,10,13,33,11
第08050期,01,11,19,24,26,27,03
第08049期,03,10,12,13,19,25,04
第08048期,11,18,21,27,30,32,01
第08047期,09,12,13,14,20,22,10
第08046期,15,16,18,24,28,33,15
第08045期,01,10,13,21,29,32,04
第08044期,05,07,09,20,26,29,09
第08043期,03,10,16,22,27,33,14
第08042期,03,04,09,11,12,24,01
第08041期,08,11,20,22,23,27,04
第08040期,06,13,22,25,27,28,09
第08039期,01,07,10,13,22,29,01
第08038期,03,09,10,11,15,19,13
第08037期,01,12,22,24,28,31,06
第08036期,02,06,13,18,23,28,16
第08035期,07,11,14,17,18,29,16
第08034期,03,05,09,11,21,29,09
第08033期,12,17,18,30,31,33,04
第08032期,05,14,16,21,23,28,13
第08031期,03,06,11,15,21,31,13
第08030期,06,15,18,19,20,28,11
第08029期,01,09,14,22,29,32,12
第08028期,01,13,21,26,29,32,10
第08027期,15,18,19,23,24,26,13
第08026期,05,17,19,27,29,32,03
第08025期,08,16,17,18,19,21,14
第08024期,11,20,21,26,28,30,13
第08023期,08,16,18,25,26,32,02
第08022期,12,18,20,24,28,32,05
第08021期,09,12,19,20,26,28,15
第08020期,03,10,13,15,28,30,03
第08019期,02,09,11,17,27,31,05
第08018期,02,05,06,23,26,33,13
第08017期,02,05,07,17,20,22,02
第08016期,03,12,14,21,29,33,13
第08015期,06,08,11,16,29,33,03
第08014期,03,09,11,17,21,31,14
第08013期,02,08,15,16,22,28,10
第08012期,03,04,05,16,20,30,13
第08011期,02,14,17,21,30,32,03
第08010期,03,08,11,17,21,27,09
第08009期,09,21,29,30,31,32,16
第08008期,02,15,16,23,26,27,07
第08007期,01,13,17,22,23,30,11
第08006期,01,14,16,18,22,27,14
第08005期,03,05,15,22,24,25,15
第08004期,04,08,22,23,27,29,08
第08003期,06,08,11,13,17,19,12
第08002期,03,04,18,22,25,29,09
第08001期,02,04,07,09,14,29,03
第07153期,01,04,19,20,25,31,15
第07152期,11,17,21,29,30,33,08
第07151期,01,06,10,11,23,25,02
第07150期,03,05,11,13,19,24,05
第07149期,01,17,19,22,28,30,03
第07148期,03,09,16,17,23,28,07
第07147期,03,07,18,24,26,27,04
第07146期,04,18,22,24,26,30,09
第07145期,08,09,11,12,25,31,11
第07144期,08,14,23,25,28,32,16
第07143期,01,06,22,23,24,26,04
第07142期,11,20,25,26,27,30,08
第07141期,02,03,04,06,17,31,08
第07140期,01,05,16,21,22,26,11
第07139期,06,10,12,14,16,22,06
第07138期,02,03,15,17,19,25,16
第07137期,03,07,08,18,20,22,03
第07136期,01,02,18,21,25,29,14
第07135期,01,11,16,26,31,33,16
第07134期,01,04,10,13,18,25,15
第07133期,03,06,07,11,13,33,10
第07132期,01,09,16,21,22,23,05
第07131期,03,05,07,16,22,27,05
第07130期,03,05,09,11,27,31,04
第07129期,05,07,20,21,22,30,08
第07128期,09,10,19,21,27,31,05
第07127期,06,09,13,16,24,28,11
第07126期,09,10,19,23,26,31,09
第07125期,03,05,18,20,27,33,01
第07124期,03,07,13,16,19,32,16
第07123期,01,13,15,23,28,32,02
第07122期,04,07,19,24,26,32,09
第07121期,03,10,21,22,27,28,06
第07120期,06,07,11,12,18,25,01
第07119期,03,08,11,13,25,31,12
第07118期,04,10,16,18,25,32,15
第07117期,03,07,09,10,26,32,01
第07116期,03,05,07,11,17,27,13
第07115期,01,05,10,16,20,26,02
第07114期,05,12,15,24,27,33,05
第07113期,04,18,23,25,26,31,10
第07112期,07,11,14,16,25,32,11
第07111期,02,09,10,12,13,17,11
第07110期,02,04,07,15,24,28,03
第07109期,01,04,07,08,13,14,04
第07108期,03,07,12,13,20,33,02
第07107期,02,08,09,18,24,28,10
第07106期,12,18,21,24,25,29,08
第07105期,02,07,10,17,23,29,14
第07104期,02,08,12,14,20,32,04
第07103期,07,09,25,27,30,32,01
第07102期,04,06,08,18,20,33,11
第07101期,15,16,18,21,22,30,14
第07100期,08,18,27,29,30,32,06
第07099期,03,04,14,27,31,33,05
第07098期,02,03,05,11,19,20,12
第07097期,04,08,13,18,26,30,11
第07096期,09,10,20,22,30,32,08
第07095期,01,06,08,18,29,32,07
第07094期,03,05,18,19,24,32,02
第07093期,05,10,13,15,19,29,02
第07092期,14,18,22,23,24,33,09
第07091期,02,11,17,30,31,32,07
第07090期,05,11,13,27,30,31,02
第07089期,03,07,08,15,19,28,03
第07088期,02,04,10,28,29,33,06
第07087期,01,03,04,05,08,21,09
第07086期,05,08,14,22,27,29,16
第07085期,02,12,17,19,29,30,12
第07084期,06,10,12,14,20,27,10
第07083期,11,14,18,20,21,26,05
第07082期,05,15,17,18,25,32,15
第07081期,09,14,15,19,24,33,13
第07080期,01,08,16,18,19,29,04
第07079期,03,04,14,20,21,25,14
第07078期,04,06,07,23,25,32,01
第07077期,06,08,14,21,28,29,02
第07076期,06,12,15,16,20,31,02
第07075期,13,16,17,22,30,32,03
第07074期,08,13,15,25,27,28,03
第07073期,05,09,11,19,28,31,02
第07072期,02,04,08,13,14,33,16
第07071期,01,06,14,21,30,31,09
第07070期,06,08,15,17,18,30,12
第07069期,03,04,11,12,14,32,12
第07068期,11,18,19,22,23,28,01
第07067期,06,11,13,17,21,23,11
第07066期,05,11,16,24,32,33,08
第07065期,04,07,19,21,25,31,07
第07064期,02,06,09,16,21,23,16
第07063期,10,15,17,24,26,28,12
第07062期,08,17,20,29,30,33,09
第07061期,01,06,07,11,20,23,05
第07060期,01,02,08,16,19,29,05
第07059期,01,03,04,06,07,29,14
第07058期,07,08,10,13,25,27,07
第07057期,05,11,18,19,20,21,09
第07056期,14,17,21,29,31,32,12
第07055期,02,06,11,22,28,29,02
第07054期,01,03,16,18,23,28,05
第07053期,10,13,16,17,18,27,11
第07052期,02,03,07,08,26,29,07
第07051期,03,14,16,26,27,33,13
第07050期,01,05,08,13,18,25,02
第07049期,04,14,18,19,31,33,02
第07048期,02,11,12,15,17,28,12
第07047期,02,04,16,18,23,30,06
第07046期,02,06,07,09,19,26,14
第07045期,01,12,18,21,28,30,10
第07044期,09,13,20,21,24,32,08
第07043期,03,08,10,11,14,30,05
第07042期,03,13,16,19,32,33,08
第07041期,01,03,09,11,26,31,12
第07040期,13,14,15,19,24,30,10
第07039期,06,07,19,24,27,29,01
第07038期,03,11,14,19,21,30,05
第07037期,10,11,16,23,31,33,16
第07036期,03,14,21,23,30,31,10
第07035期,01,04,08,12,29,31,06
第07034期,02,09,12,14,23,25,16
第07033期,03,04,11,17,18,28,09
第07032期,04,08,16,24,30,32,16
第07031期,04,06,10,12,19,31,01
第07030期,03,16,21,22,27,30,04
第07029期,06,08,09,11,19,21,10
第07028期,03,08,13,20,29,30,11
第07027期,02,03,09,22,24,27,11
第07026期,01,04,14,16,26,29,10
第07025期,03,16,18,22,23,26,03
第07024期,08,09,17,25,27,32,06
第07023期,03,07,13,17,32,33,02
第07022期,02,04,07,10,18,27,10
第07021期,03,06,09,11,25,31,13
第07020期,05,10,16,20,28,31,14
第07019期,04,11,16,23,29,31,14
第07018期,01,12,18,20,21,26,11
第07017期,05,09,10,24,25,32,14
第07016期,01,18,20,22,26,33,05
第07015期,03,04,08,18,22,30,15
第07014期,01,13,16,20,24,26,09
第07013期,05,15,18,27,29,32,05
第07012期,03,05,07,21,26,28,04
第07011期,03,10,15,25,28,33,16
第07010期,03,08,14,17,30,32,05
第07009期,02,04,14,15,25,27,15
第07008期,01,04,05,18,19,25,10
第07007期,04,12,15,17,22,32,14
第07006期,06,10,14,22,26,27,11
第07005期,01,05,06,16,24,30,12
第07004期,03,07,10,13,25,33,10
第07003期,05,09,11,12,22,27,15
第07002期,05,06,14,20,21,22,01
第07001期,02,04,09,10,20,26,14
第06154期,07,14,18,20,30,33,13
第06153期,01,07,11,20,30,33,10
第06152期,01,14,20,25,27,31,15
第06151期,01,03,04,06,16,22,08
第06150期,08,09,12,18,25,27,12
第06149期,02,03,05,11,15,32,15
第06148期,04,08,12,13,23,29,01
第06147期,01,04,15,17,27,31,01
第06146期,03,09,13,23,28,30,05
第06145期,02,07,23,26,28,31,07
第06144期,04,10,13,16,22,29,06
第06143期,01,15,20,29,31,32,08
第06142期,10,16,19,22,26,27,16
第06141期,16,18,22,23,25,31,11
第06140期,01,08,11,18,19,23,05
第06139期,07,08,14,21,23,25,05
第06138期,04,09,11,17,18,26,08
第06137期,10,14,17,21,27,31,09
第06136期,11,15,17,21,22,24,05
第06135期,04,19,21,22,23,31,04
第06134期,10,13,18,26,28,30,12
第06133期,04,06,20,25,29,31,03
第06132期,06,14,22,26,30,33,01
第06131期,03,04,09,22,26,33,01
第06130期,01,12,21,22,30,32,02
第06129期,09,14,18,22,27,29,12
第06128期,04,15,21,30,31,33,05
第06127期,03,04,11,17,19,30,01
第06126期,02,08,13,16,24,33,09
第06125期,15,19,23,30,32,33,06
第06124期,12,13,14,18,31,32,13
第06123期,02,03,20,25,28,32,06
第06122期,04,05,06,08,22,24,03
第06121期,03,04,06,27,31,33,06
第06120期,06,08,14,15,24,33,09
第06119期,01,02,14,20,27,30,02
第06118期,01,03,07,08,10,30,05
第06117期,06,14,20,22,23,26,09
第06116期,05,16,21,22,32,33,09
第06115期,01,10,20,26,28,29,15
第06114期,08,10,14,20,27,29,16
第06113期,05,14,17,18,28,33,02
第06112期,04,09,13,15,31,33,11
第06111期,01,08,11,16,17,22,15
第06110期,09,12,14,18,27,33,13
第06109期,01,05,17,18,23,26,13
第06108期,02,06,08,20,24,30,09
第06107期,01,06,08,13,17,30,07
第06106期,02,12,14,19,28,33,10
第06105期,05,12,14,15,20,31,01
第06104期,03,07,22,27,28,31,11
第06103期,12,14,15,25,28,31,06
第06102期,01,04,13,19,20,24,11
第06101期,09,12,20,26,27,28,16
第06100期,01,11,18,26,30,32,03
第06099期,09,12,18,23,24,27,05
第06098期,06,07,10,11,18,23,16
第06097期,11,14,15,20,26,27,12
第06096期,01,05,09,13,18,33,14
第06095期,01,03,17,20,21,29,16
第06094期,15,16,17,18,24,33,13
第06093期,02,12,16,18,19,23,05
第06092期,02,08,11,16,20,21,14
第06091期,07,08,12,21,22,24,07
第06090期,02,11,15,20,23,29,11
第06089期,01,13,16,18,19,22,01
第06088期,03,11,20,24,25,26,01
第06087期,04,05,08,09,12,30,05
第06086期,04,06,10,24,26,31,06
第06085期,02,06,18,21,24,25,08
第06084期,01,12,17,21,25,28,12
第06083期,07,09,18,19,26,29,10
第06082期,03,13,15,23,28,29,09
第06081期,14,16,18,21,22,32,04
第06080期,15,17,20,22,26,29,09
第06079期,06,11,13,17,20,32,08
第06078期,03,05,17,22,31,33,12
第06077期,08,09,12,13,19,33,09
第06076期,04,10,17,21,29,32,14
第06075期,10,21,22,23,25,33,11
第06074期,01,03,15,19,25,33,04
第06073期,05,13,16,18,27,29,12
第06072期,02,03,05,20,21,24,08
第06071期,05,11,12,19,29,31,01
第06070期,02,03,11,13,20,27,02
第06069期,05,16,20,22,29,30,08
第06068期,03,07,10,14,30,33,10
第06067期,07,08,11,16,17,24,13
第06066期,06,08,11,18,30,33,05
第06065期,04,08,17,28,29,30,13
第06064期,03,12,14,21,24,28,11
第06063期,04,05,15,21,23,24,08
第06062期,18,22,23,24,26,30,01
第06061期,05,13,17,19,25,30,11
第06060期,05,15,19,23,30,32,14
第06059期,05,10,15,17,27,29,11
第06058期,01,12,22,23,24,25,14
第06057期,03,04,17,18,21,31,08
第06056期,11,13,15,21,23,25,08
第06055期,04,05,28,29,31,33,11
第06054期,03,05,07,10,28,30,04
第06053期,01,11,17,27,28,31,02
第06052期,11,24,26,27,30,32,03
第06051期,02,06,07,17,27,30,16
第06050期,02,06,12,15,25,31,07
第06049期,06,10,12,13,17,20,03
第06048期,09,13,19,25,29,32,12
第06047期,02,17,20,22,28,32,03
第06046期,13,18,23,29,31,32,08
第06045期,06,07,10,14,20,21,04
第06044期,02,10,18,21,30,31,05
第06043期,05,12,13,16,23,32,03
第06042期,03,16,23,26,28,31,11
第06041期,03,10,16,18,21,28,04
第06040期,15,22,25,26,28,33,03
第06039期,16,19,22,28,31,32,03
第06038期,02,14,17,19,22,30,10
第06037期,02,12,23,24,25,32,14
第06036期,04,07,10,16,17,21,09
第06035期,03,09,13,21,27,29,13
第06034期,02,10,15,16,17,33,13
第06033期,15,20,22,23,27,31,06
第06032期,05,18,20,24,26,31,09
第06031期,03,10,12,16,31,32,14
第06030期,08,13,15,17,20,32,14
第06029期,03,04,07,09,14,19,08
第06028期,05,07,14,16,17,27,04
第06027期,06,08,11,14,16,27,15
第06026期,01,02,18,22,29,32,03
第06025期,03,04,17,19,24,32,05
第06024期,02,07,09,11,21,27,06
第06023期,04,13,14,19,23,28,08
第06022期,02,03,04,13,16,27,13
第06021期,01,02,05,20,21,22,09
第06020期,05,09,21,23,26,29,06
第06019期,04,06,13,22,26,32,07
第06018期,01,13,14,17,24,26,05
第06017期,03,04,08,31,32,33,02
第06016期,01,07,13,17,23,30,16
第06015期,02,03,09,15,29,32,03
第06014期,06,14,26,29,32,33,07
第06013期,01,05,06,12,16,21,11
第06012期,09,11,13,27,31,33,10
第06011期,05,07,08,14,27,31,11
第06010期,04,06,12,19,27,29,08
第06009期,05,06,08,20,26,30,06
第06008期,03,05,09,18,28,32,16
第06007期,04,16,18,27,32,33,07
第06006期,08,21,22,23,26,32,14
第06005期,03,19,20,24,26,27,11
第06004期,04,08,17,27,28,31,07
第06003期,02,04,05,06,16,20,12
第06002期,07,13,16,21,26,28,09
第06001期,01,12,15,19,21,28,03
第05153期,04,05,07,21,26,29,01
第05152期,01,05,12,14,21,27,03
第05151期,04,11,12,13,19,30,05
第05150期,03,07,10,14,18,20,02
第05149期,11,16,21,23,25,32,07
第05148期,03,15,17,23,24,29,13
第05147期,06,07,15,27,28,30,10
第05146期,07,11,19,20,24,28,02
第05145期,03,07,08,17,20,28,15
第05144期,01,08,14,15,19,27,09
第05143期,03,10,15,17,20,32,08
第05142期,07,10,12,17,22,29,05
第05141期,03,05,08,12,16,19,15
第05140期,04,06,07,08,12,17,07
第05139期,02,07,20,23,32,33,10
第05138期,03,05,06,11,20,22,13
第05137期,03,09,15,23,25,33,12
第05136期,05,14,16,18,25,27,13
第05135期,01,05,13,15,21,25,11
第05134期,04,13,14,18,26,30,01
第05133期,01,07,14,16,18,25,11
第05132期,02,04,10,18,27,29,15
第05131期,02,07,10,11,12,24,03
第05130期,03,05,09,15,20,25,16
第05129期,05,10,14,20,27,33,03
第05128期,02,04,14,23,29,33,15
第05127期,04,06,11,14,23,25,12
第05126期,02,08,13,19,25,26,09
第05125期,06,14,18,28,31,32,03
第05124期,05,06,10,19,31,33,11
第05123期,11,12,13,17,18,25,07
第05122期,01,04,07,14,30,32,09
第05121期,01,07,20,25,31,32,12
第05120期,01,06,13,18,30,32,14
第05119期,01,07,11,18,20,22,02
第05118期,04,09,12,15,26,31,16
第05117期,06,17,22,27,28,32,03
第05116期,04,06,08,14,15,30,10
第05115期,03,12,18,23,30,33,02
第05114期,06,07,10,15,21,27,06
第05113期,15,18,20,22,26,27,03
第05112期,04,12,22,28,29,30,16
第05111期,03,07,15,16,19,29,09
第05110期,07,10,16,19,24,25,09
第05109期,03,05,13,15,17,31,04
第05108期,03,10,12,24,29,30,06
第05107期,09,10,20,24,25,26,11
第05106期,01,11,13,24,26,31,13
第05105期,04,15,23,30,32,33,03
第05104期,02,04,21,23,30,33,09
第05103期,04,07,16,18,23,30,07
第05102期,02,05,06,14,24,31,12
第05101期,09,16,19,21,22,24,12
第05100期,02,04,09,14,16,31,03
第05099期,10,13,16,22,24,31,09
第05098期,12,15,19,22,31,33,01
第05097期,05,10,23,27,28,30,15
第05096期,04,05,17,18,26,33,04
第05095期,09,12,18,21,28,29,05
第05094期,03,05,09,23,27,33,03
第05093期,04,06,17,23,25,29,14
第05092期,08,13,19,26,28,31,10
第05091期,01,11,12,15,26,27,13
第05090期,01,09,21,25,29,32,03
第05089期,05,19,20,23,26,31,12
第05088期,01,03,07,18,20,24,07
第05087期,08,09,15,16,23,26,08
第05086期,07,11,12,24,27,29,12
第05085期,08,09,13,14,20,22,12
第05084期,01,02,07,15,19,20,03
第05083期,03,05,09,14,16,30,13
第05082期,01,07,11,14,19,20,12
第05081期,02,04,10,12,26,30,03
第05080期,01,12,14,26,27,32,16
第05079期,03,09,20,24,25,28,05
第05078期,03,11,15,20,26,32,11
第05077期,08,17,22,24,32,33,16
第05076期,04,09,11,22,25,28,13
第05075期,11,13,14,16,18,31,14
第05074期,06,09,18,20,26,29,09
第05073期,01,06,08,09,18,20,01
第05072期,06,10,19,20,24,33,11
第05071期,04,08,12,14,16,22,10
第05070期,03,04,08,14,16,26,04
第05069期,07,09,21,24,31,33,12
第05068期,01,08,10,13,25,33,13
第05067期,03,12,16,20,21,26,16
第05066期,02,04,10,11,25,28,05
第05065期,12,16,17,21,22,23,16
第05064期,10,18,23,27,30,32,08
第05063期,02,11,13,18,22,30,04
第05062期,02,07,11,12,20,23,07
第05061期,05,09,14,21,23,24,01
第05060期,09,12,21,25,31,33,13
第05059期,07,11,14,18,24,29,07
第05058期,04,06,10,21,25,26,10
第05057期,05,06,10,15,30,31,13
第05056期,12,17,19,27,29,31,09
第05055期,05,20,22,30,32,33,09
第05054期,05,13,17,18,21,29,14
第05053期,04,07,10,14,27,29,09
第05052期,01,02,14,17,30,32,01
第05051期,03,06,14,19,20,21,02
第05050期,02,09,12,20,26,32,13
第05049期,02,03,08,10,25,27,12
第05048期,06,07,08,10,16,28,02
第05047期,02,03,05,07,08,27,15
第05046期,09,16,18,20,22,24,05
第05045期,01,07,10,15,18,20,10
第05044期,01,06,16,17,18,22,09
第05043期,04,05,06,07,08,32,05
第05042期,11,16,21,26,27,30,15
第05041期,02,11,16,23,24,29,03
第05040期,01,12,21,24,30,32,13
第05039期,02,16,18,19,21,29,09
第05038期,04,07,11,20,27,28,16
第05037期,07,12,14,22,24,32,16
第05036期,12,19,20,21,26,31,15
第05035期,12,16,21,28,29,30,14
第05034期,05,17,18,25,28,32,09
第05033期,07,08,12,14,19,20,07
第05032期,05,15,19,20,25,29,03
第05031期,04,10,16,20,23,32,07
第05030期,01,05,09,14,22,28,05
第05029期,02,14,21,22,27,30,14
第05028期,04,09,22,25,26,32,10
第05027期,01,03,04,06,21,32,15
第05026期,06,12,14,20,25,26,07
第05025期,01,07,10,11,13,32,07
第05024期,05,09,14,27,31,32,13
第05023期,10,15,19,20,21,25,12
第05022期,08,10,12,21,32,33,04
第05021期,02,06,24,26,30,31,16
第05020期,14,16,19,20,25,29,05
第05019期,06,11,12,13,19,22,08
第05018期,01,03,06,22,23,25,06
第05017期,02,06,10,25,27,31,03
第05016期,01,05,06,12,16,30,15
第05015期,04,08,09,16,17,29,15
第05014期,13,19,21,23,30,32,05
第05013期,07,08,16,19,20,24,06
第05012期,02,03,06,16,22,31,05
第05011期,09,11,13,15,22,30,15
第05010期,08,10,11,18,25,26,01
第05009期,02,17,22,27,29,31,14
第05008期,11,19,22,27,32,33,11
第05007期,07,15,17,20,23,33,15
第05006期,02,04,05,15,21,31,16
第05005期,05,09,20,26,28,33,15
第05004期,01,04,08,09,22,23,03
第05003期,09,12,15,19,22,31,16
第05002期,06,09,20,26,28,33,14
第05001期,01,07,08,23,27,28,14
第04122期,03,11,14,22,24,31,15
第04121期,07,13,16,18,30,32,10
第04120期,07,08,18,21,27,32,10
第04119期,06,09,18,20,25,33,06
第04118期,03,04,07,12,30,31,15
第04117期,01,03,07,14,24,25,07
第04116期,01,03,05,08,14,33,03
第04115期,02,16,20,30,31,33,01
第04114期,01,06,09,17,21,22,01
第04113期,08,10,23,25,31,32,07
第04112期,09,13,15,21,26,33,06
第04111期,11,16,18,20,26,31,02
第04110期,14,19,20,21,22,31,11
第04109期,06,08,10,17,30,31,14
第04108期,08,13,14,27,28,31,12
第04107期,01,08,12,13,18,20,07
第04106期,10,15,23,26,28,29,12
第04105期,07,09,10,21,23,30,12
第04104期,07,11,17,18,24,29,05
第04103期,02,03,05,09,16,21,02
第04102期,03,09,12,15,28,32,01
第04101期,02,09,14,19,25,26,15
第04100期,06,08,09,14,24,33,15
第04099期,05,10,21,22,26,33,02
第04098期,03,12,13,25,26,31,03
第04097期,10,19,20,26,29,31,14
第04096期,01,04,12,16,20,30,15
第04095期,19,22,27,28,30,32,01
第04094期,05,09,10,13,24,25,08
第04093期,11,14,20,27,32,33,05
第04092期,01,04,08,13,28,31,02
第04091期,09,13,14,21,30,33,01
第04090期,01,18,20,24,32,33,12
第04089期,14,17,20,25,28,30,14
第04088期,02,10,19,22,24,32,14
第04087期,01,03,07,08,25,26,14
第04086期,10,13,18,19,25,27,01
第04085期,03,08,11,29,30,32,01
第04084期,01,04,08,11,21,25,14
第04083期,14,16,27,28,30,33,06
第04082期,03,20,24,27,29,30,15
第04081期,03,05,21,24,27,32,06
第04080期,03,08,20,23,24,26,16
第04079期,07,13,14,17,19,30,03
第04078期,04,05,10,21,24,26,05
第04077期,08,09,10,14,16,26,07
第04076期,03,05,13,17,25,31,07
第04075期,07,18,21,26,27,28,07
第04074期,05,06,15,19,26,29,13
第04073期,02,07,13,16,23,28,16
第04072期,08,15,18,28,30,33,14
第04071期,03,08,16,17,21,29,06
第04070期,10,12,21,22,30,33,06
第04069期,02,11,15,20,22,29,05
第04068期,02,08,11,13,24,31,15
第04067期,01,06,07,13,16,32,04
第04066期,05,13,20,23,24,25,03
第04065期,13,14,27,29,32,33,08
第04064期,14,15,18,20,27,31,04
第04063期,07,10,13,16,27,28,07
第04062期,01,12,25,27,28,29,13
第04061期,13,16,19,20,23,33,09
第04060期,03,05,11,24,27,28,15
第04059期,04,07,11,19,23,26,10
第04058期,01,08,11,12,27,31,12
第04057期,05,21,23,25,28,32,04
第04056期,01,20,21,25,29,30,02
第04055期,06,08,19,25,29,32,07
第04054期,09,11,14,16,27,28,11
第04053期,02,03,04,09,24,25,02
第04052期,01,12,14,15,17,29,09
第04051期,02,03,09,10,15,29,11
第04050期,06,07,19,21,25,29,02
第04049期,11,12,14,16,25,29,09
第04048期,08,09,11,16,17,29,09
第04047期,01,07,08,11,27,31,06
第04046期,07,15,16,22,23,32,14
第04045期,01,12,18,26,27,28,13
第04044期,02,06,07,12,31,32,05
第04043期,04,09,10,21,22,24,10
第04042期,06,10,13,17,18,21,02
第04041期,08,10,17,22,25,29,14
第04040期,07,17,19,20,21,29,11
第04039期,10,16,18,25,26,29,03
第04038期,11,16,17,25,28,29,07
第04037期,03,04,11,17,20,26,05
第04036期,02,13,17,18,26,30,01
第04035期,02,08,26,27,30,32,16
第04034期,02,07,13,20,27,30,14
第04033期,01,04,08,09,19,20,01
第04032期,02,05,08,11,15,31,13
第04031期,03,06,19,20,21,24,11
第04030期,01,07,09,17,26,31,05
第04029期,09,13,20,22,24,32,05
第04028期,01,02,03,05,10,22,12
第04027期,01,05,09,10,18,32,11
第04026期,04,10,14,18,28,32,15
第04025期,07,08,10,24,29,33,04
第04024期,01,13,21,23,25,32,06
第04023期,01,08,14,17,19,30,03
第04022期,03,10,14,19,20,30,06
第04021期,05,09,11,17,26,27,10
第04020期,01,02,09,22,28,31,04
第04019期,05,10,11,23,24,32,04
第04018期,02,05,06,08,28,30,06
第04017期,05,12,14,15,25,31,09
第04016期,04,07,08,28,30,32,05
第04015期,01,03,05,18,22,23,13
第04014期,03,07,11,17,20,26,12
第04013期,12,14,21,29,30,32,13
第04012期,01,07,27,30,31,33,08
第04011期,01,04,13,23,28,30,03
第04010期,06,07,08,13,14,19,15
第04009期,01,09,10,16,22,24,11
第04008期,01,07,10,22,32,33,13
第04007期,04,12,17,20,25,28,09
第04006期,04,12,18,20,23,32,06
第04005期,09,11,13,16,17,18,07
第04004期,10,19,22,23,25,29,09
第04003期,03,05,06,17,26,33,08
第04002期,10,12,18,22,30,31,11
第04001期,01,02,03,07,10,25,07
第03089期,18,19,21,26,27,33,16
第03088期,03,10,21,22,24,33,12
第03087期,02,03,04,05,24,28,13
第03086期,05,12,16,18,26,30,13
第03085期,01,04,11,12,19,27,14
第03084期,02,06,07,10,17,33,03
第03083期,01,03,14,18,26,28,01
第03082期,07,17,18,19,30,31,14
第03081期,01,02,14,26,29,30,07
第03080期,09,20,24,25,28,30,10
第03079期,12,15,22,23,26,31,04
第03078期,07,12,23,26,29,30,11
第03077期,04,12,16,22,24,25,06
第03076期,01,13,16,18,20,29,02
第03075期,16,17,19,22,31,33,11
第03074期,02,12,19,22,27,32,01
第03073期,02,12,14,21,23,30,13
第03072期,03,06,08,11,19,27,11
第03071期,09,11,12,14,15,33,11
第03070期,01,02,04,17,18,19,08
第03069期,07,11,16,19,26,28,11
第03068期,09,19,25,27,32,33,11
第03067期,05,11,12,13,27,31,10
第03066期,03,07,08,20,24,32,14
第03065期,06,15,16,17,30,33,11
第03064期,04,06,08,12,15,30,01
第03063期,05,08,09,14,21,33,11
第03062期,01,06,12,19,20,32,14
第03061期,03,05,20,21,28,32,02
第03060期,02,04,06,17,21,28,11
第03059期,02,03,05,06,18,30,04
第03058期,09,11,16,28,32,33,02
第03057期,18,19,24,25,30,31,16
第03056期,08,17,21,26,28,29,07
第03055期,06,13,16,21,28,31,16
第03054期,02,05,09,21,31,33,12
第03053期,15,19,20,21,28,29,13
第03052期,01,12,13,23,30,31,11
第03051期,04,13,15,17,24,27,01
第03050期,02,08,17,23,24,26,13
第03049期,03,06,07,13,24,25,15
第03048期,10,12,20,28,30,31,09
第03047期,03,17,26,28,32,33,16
第03046期,07,08,10,11,17,26,11
第03045期,03,07,14,15,17,32,03
第03044期,02,05,09,16,32,33,15
第03043期,02,08,10,19,20,32,13
第03042期,03,05,07,10,15,20,07
第03041期,02,03,17,18,24,25,11
第03040期,04,05,06,12,14,23,16
第03039期,03,05,23,24,27,32,03
第03038期,05,07,08,24,25,27,16
第03037期,09,14,17,18,26,32,07
第03036期,07,21,24,25,27,28,15
第03035期,03,04,05,08,10,11,08
第03034期,08,13,14,16,23,25,14
第03033期,01,07,14,20,27,30,10
第03032期,04,11,25,27,29,30,13
第03031期,11,17,20,22,28,32,01
第03030期,02,06,13,14,23,27,07
第03029期,02,07,15,26,29,32,10
第03028期,06,13,16,20,28,32,07
第03027期,01,11,14,17,27,28,15
第03026期,08,13,15,26,29,31,16
第03025期,01,05,11,13,14,27,12
第03024期,02,07,15,17,22,30,14
第03023期,01,10,20,22,26,31,02
第03022期,02,07,11,12,14,32,08
第03021期,14,15,18,25,26,30,01
第03020期,07,10,25,26,27,32,04
第03019期,04,08,12,13,16,33,09
第03018期,05,16,19,20,25,28,13
第03017期,05,08,18,23,25,31,06
第03016期,11,17,28,30,31,33,06
第03015期,04,11,19,25,26,32,13
第03014期,03,05,07,08,21,31,02
第03013期,08,13,17,21,23,32,12
第03012期,02,12,16,17,27,30,12
第03011期,04,05,11,12,30,32,15
第03010期,01,02,08,13,17,24,13
第03009期,05,09,18,20,22,30,09
第03008期,05,08,09,14,17,23,08
第03007期,01,09,19,21,23,26,07
第03006期,01,03,10,21,26,27,06
第03005期,04,06,15,17,30,31,16
第03004期,04,06,07,10,13,25,03
第03003期,01,07,10,23,28,32,16
第03002期,04,09,19,20,21,26,12
第03001期,10,11,12,13,26,28,11
